info: Microsoft.AspNetCore.Hosting.Diagnostics[1]
      Request starting HTTP/2 GET https://localhost:44350/swagger/index.html - -
info: Microsoft.Hosting.Lifetime[0]
      Application started. Press Ctrl+C to shut down.
info: Microsoft.Hosting.Lifetime[0]
      Hosting environment: MOH
info: Microsoft.Hosting.Lifetime[0]
      Content root path: D:\Cyclus_Nphies\Nphies\Nphies.Core
info: Microsoft.AspNetCore.Hosting.Diagnostics[1]
      Request starting HTTP/2 GET https://localhost:44350/_vs/browserLink - -
info: Microsoft.AspNetCore.Hosting.Diagnostics[1]
      Request starting HTTP/2 GET https://localhost:44350/_framework/aspnetcore-browser-refresh.js - -
info: Microsoft.AspNetCore.Hosting.Diagnostics[2]
      Request finished HTTP/2 GET https://localhost:44350/swagger/index.html - - - 200 - text/html;charset=utf-8 371.8404ms
info: Microsoft.AspNetCore.Hosting.Diagnostics[2]
      Request finished HTTP/2 GET https://localhost:44350/_framework/aspnetcore-browser-refresh.js - - - 200 12354 application/javascript;+charset=utf-8 13.1711ms
info: Microsoft.AspNetCore.Hosting.Diagnostics[2]
      Request finished HTTP/2 GET https://localhost:44350/_vs/browserLink - - - 200 - text/javascript;+charset=UTF-8 77.3688ms
info: Microsoft.AspNetCore.Hosting.Diagnostics[1]
      Request starting HTTP/2 GET https://localhost:44350/swagger/v1/swagger.json - -
info: Microsoft.AspNetCore.Hosting.Diagnostics[2]
      Request finished HTTP/2 GET https://localhost:44350/swagger/v1/swagger.json - - - 200 - application/json;charset=utf-8 20.1401ms
info: Microsoft.AspNetCore.Hosting.Diagnostics[1]
      Request starting HTTP/1.1 GET https://localhost:44350/api/Integration/Claims?orginzationId=1&facilityId=3&adaptorCode=nphies-malath-1&dateFrom=10/1/2025%2012:00:00%20AM&dateTo=10/30/2025%2012:00:00%20AM&processId=20773&batchSize=1&payerId=12 - 0
info: Microsoft.AspNetCore.Routing.EndpointMiddleware[0]
      Executing endpoint 'Nphies.Core.Controllers.IntegrationController.GetClaims (Nphies.Core)'
info: Microsoft.AspNetCore.Mvc.Infrastructure.ControllerActionInvoker[3]
      Route matched with {action = "GetClaims", controller = "Integration"}. Executing controller action with signature System.Threading.Tasks.ValueTask`1[System.Collections.Generic.List`1[Nphies.Core.Models.ClaimDetail]] GetClaims(Int32, Int32, System.String, System.DateTime, System.DateTime, Int64, Int32, System.String, Boolean) on controller Nphies.Core.Controllers.IntegrationController (Nphies.Core).
warn: Microsoft.EntityFrameworkCore.Model.Validation[20601]
      The 'bool' property 'IsActive' on entity type 'CoDskICDmaster' is configured with a database-generated default. This default will always be used for inserts when the property has the value 'false', since this is the CLR default for the 'bool' type. Consider using the nullable 'bool?' type instead, so that the default will only be used for inserts when the property value is 'null'.
info: Microsoft.EntityFrameworkCore.Infrastructure[10403]
      Entity Framework Core 6.0.9 initialized 'ZyklusCoreContext' using provider 'Microsoft.EntityFrameworkCore.SqlServer:6.0.9' with options: None
info: Microsoft.EntityFrameworkCore.Database.Command[20101]
      Executed DbCommand (138ms) [Parameters=[@__8__locals1_facilityId_0='?' (DbType = Int32)], CommandType='Text', CommandTimeout='30']
      SELECT TOP(1) [r].[ExternalCode2], [r].[ExternalCode]
      FROM [RCM_Facility] AS [r]
      WHERE [r].[FacilityID] = @__8__locals1_facilityId_0
warn: Microsoft.EntityFrameworkCore.Query[10102]
      The query uses a row limiting operator ('Skip'/'Take') without an 'OrderBy' operator. This may lead to unpredictable results. If the 'Distinct' operator is used after 'OrderBy', then make sure to use the 'OrderBy' operator after 'Distinct' as the ordering would otherwise get erased.
info: Microsoft.EntityFrameworkCore.Database.Command[20101]
      Executed DbCommand (136ms) [Parameters=[@__p_6='?' (DbType = Int32), @__orginaztionId_0='?' (DbType = Int32), @__facilityId_1='?' (DbType = Int32), @__payerId_2='?' (DbType = Int32), @__processId_3='?' (DbType = Int64), @__dateFrom_Date_4='?' (DbType = DateTime), @__dateTo_Date_5='?' (DbType = DateTime)], CommandType='Text', CommandTimeout='30']
      SELECT [t].[ClaimID], [t].[OrganizationID], [t].[ApproverID], [t].[BatchBundleId], [t].[BatchIdentifier], [t].[BatchRefNo], [t].[BedNo], [t].[ClaimBundleId], [t].[ClaimIdentifier], [t].[ClaimMode], [t].[ClaimSubmisionRefrenceNo], [t].[ClaimType], [t].[ClinicID], [t].[Comments], [t].[CommunicationIdentifier], [t].[CommunicationUrl], [t].[CompanyShare], [t].[CompanyTax], [t].[CreatedBy], [t].[CreatedOn], [t].[DenialParameterCode], [t].[DenialParameterType], [t].[DischargeDateTime], [t].[DischargeDisposition], [t].[DiscountAmount], [t].[Discovery], [t].[DoctorID], [t].[DocumentReferenceNo], [t].[EligibilityCode], [t].[EmergencyArrivalCode], [t].[EmergencyDepartmentDisposition], [t].[EncounterAdmitSource], [t].[EncounterDateTime], [t].[EncounterNo], [t].[EncounterType], [t].[EpisodeId], [t].[ExternalReferenceNo], [t].[FacilityID], [t].[GrossAmount], [t].[ISPDFAttached], [t].[IntendedLenghtOfStay], [t].[InvoiceDate], [t].[IsDocumentProcessed], [t].[isErrorResolved], [t].[IsInsuranceEligible], [t].[IsMedicalReviewed], [t].[IsPendedReceived], [t].[IsProcessedByBGJob], [t].[IsReadyForSubmit], [t].[IsRefund], [t].[IsReturn], [t].[IsReviewdByRuleEngine], [t].[IsTechnicalReviewed], [t].[IsUpdatedInvoice], [t].[ItemReason], [t].[MedicalError], [t].[MedicalRejectionRemarks], [t].[MedicalStatus], [t].[ModifiedBy], [t].[ModifiedOn], [t].[NetAmount], [t].[NphiesApprovalAuthRef], [t].[NphiesApprovalIdentifier], [t].[NphiesApprovalSystem], [t].[NphiesEligibility], [t].[NphiesEligibilitySystem], [t].[NphieseRemarks], [t].[OfflineApproval], [t].[OfflineEligibility], [t].[OriginalEncounter], [t].[PatientShare], [t].[PatientTax], [t].[PayerID], [t].[PayerPolicyId], [t].[PolicyNumber], [t].[PostingStatus], [t].[PreAuthNo], [t].[ProcessId], [t].[ReSubmissionStatus], [t].[ReasonCode], [t].[RefundAmount], [t].[RejectionCount], [t].[Remarks], [t].[RemittanceLogId], [t].[ResponseBundleID], [t].[ResponseReceivedOn], [t].[ReturnAmount], [t].[RoomNo], [t].[SequenceNo], [t].[SettlementAmount], [t].[Status], [t].[StatusOld], [t].[SubStatus], [t].[SubmissionType], [t].[SubmittedBy], [t].[SubmittedDateTime], [t].[SubmittedOn], [t].[TaskId], [t].[TechnicalError], [t].[TechnicalRejectionRemarks], [t].[TechnicalStatus], [t].[TotalApproved], [t].[TotalSubmitted], [t].[TriageCategory], [t].[TriageDate], [t].[isMoh], [t].[pollResponseReceivedOn], [r0].[ClaimID], [r0].[OrganizationID], [r0].[Address1], [r0].[Address2], [r0].[CauseOfDeath], [r0].[FamilyNameN], [r0].[MaritalStatus], [r0].[ModifiedBy], [r0].[ModifiedOn], [r0].[NationalityID], [r0].[PatientDOB], [r0].[PatientFileNumber], [r0].[PatientGender], [r0].[PatientIdentificationNo], [r0].[PatientMembershipNumber], [r0].[PatientMobileNo], [r0].[PatientName], [r0].[PatientNameN], [r0].[PatientNationality], [r0].[PatientOccuption], [r0].[PatientSurnameFamilyName], [r0].[PolicyHolderName], [r0].[PolicyHolderNo], [r0].[PostalCode], [r0].[TownCity], [r0].[VisitType], [r1].[ClaimID], [r1].[OrganizationID], [r1].[BloodPressure], [r1].[BodyMassIndex], [r1].[CreatedBy], [r1].[CreatedOn], [r1].[EmergencyIndicator], [r1].[Height], [r1].[HistoryOfPresentIllness], [r1].[InvestigationResult], [r1].[LeftEyeAxisDistance], [r1].[LeftEyeAxisNear], [r1].[LeftEyeBifocal], [r1].[LeftEyeCylinderDistance], [r1].[LeftEyeCylinderNear], [r1].[LeftEyePDDistance], [r1].[LeftEyePDNear], [r1].[LeftEyePrismDistance], [r1].[LeftEyePrismNear], [r1].[LeftEyeSphereDistance], [r1].[LeftEyeSphereNear], [r1].[LeftEyeVADistance], [r1].[LeftEyeVANear], [r1].[MainSymptoms], [r1].[ModifiedBy], [r1].[ModifiedOn], [r1].[OxygenSaturation], [r1].[PatientHistory], [r1].[PhysicalExamination], [r1].[PhysicianNotesConditions], [r1].[Pulse], [r1].[Respiration], [r1].[RespiratoryRate], [r1].[RightEyeAxisDistance], [r1].[RightEyeAxisNear], [r1].[RightEyeBifocal], [r1].[RightEyeCylinderDistance], [r1].[RightEyeCylinderNear], [r1].[RightEyePDDistance], [r1].[RightEyePDNear], [r1].[RightEyePrismDistance], [r1].[RightEyePrismNear], [r1].[RightEyeSphereDistance], [r1].[RightEyeSphereNear], [r1].[RightEyeVADistance], [r1].[RightEyeVANear], [r1].[SignificantSigns], [r1].[Temperature], [r1].[TreatmentPlan], [r1].[Vertex], [r1].[VitalSignCreatedON], [r1].[Weight], [r2].[ClaimID], [r2].[OrganizationID], [r2].[DiagnosisCode], [r2].[LineitemNo], [r2].[ConditionOnset], [r2].[CreatedBy], [r2].[CreatedOn], [r2].[DiagnoisInfoCode], [r2].[DiagnoisInfoType], [r2].[DiagnosisCodeType], [r2].[DiagnosisDescription], [r2].[DiagnosisType], [r2].[IllnessTypeIndicator], [r2].[IsActive], [r2].[ISDischarge], [r2].[ModifiedBy], [r2].[ModifiedOn], [r2].[MorphologyCode], [r2].[OrderBy]
      FROM (
          SELECT TOP(@__p_6) [r].[ClaimID], [r].[OrganizationID], [r].[ApproverID], [r].[BatchBundleId], [r].[BatchIdentifier], [r].[BatchRefNo], [r].[BedNo], [r].[ClaimBundleId], [r].[ClaimIdentifier], [r].[ClaimMode], [r].[ClaimSubmisionRefrenceNo], [r].[ClaimType], [r].[ClinicID], [r].[Comments], [r].[CommunicationIdentifier], [r].[CommunicationUrl], [r].[CompanyShare], [r].[CompanyTax], [r].[CreatedBy], [r].[CreatedOn], [r].[DenialParameterCode], [r].[DenialParameterType], [r].[DischargeDateTime], [r].[DischargeDisposition], [r].[DiscountAmount], [r].[Discovery], [r].[DoctorID], [r].[DocumentReferenceNo], [r].[EligibilityCode], [r].[EmergencyArrivalCode], [r].[EmergencyDepartmentDisposition], [r].[EncounterAdmitSource], [r].[EncounterDateTime], [r].[EncounterNo], [r].[EncounterType], [r].[EpisodeId], [r].[ExternalReferenceNo], [r].[FacilityID], [r].[GrossAmount], [r].[ISPDFAttached], [r].[IntendedLenghtOfStay], [r].[InvoiceDate], [r].[IsDocumentProcessed], [r].[isErrorResolved], [r].[IsInsuranceEligible], [r].[IsMedicalReviewed], [r].[IsPendedReceived], [r].[IsProcessedByBGJob], [r].[IsReadyForSubmit], [r].[IsRefund], [r].[IsReturn], [r].[IsReviewdByRuleEngine], [r].[IsTechnicalReviewed], [r].[IsUpdatedInvoice], [r].[ItemReason], [r].[MedicalError], [r].[MedicalRejectionRemarks], [r].[MedicalStatus], [r].[ModifiedBy], [r].[ModifiedOn], [r].[NetAmount], [r].[NphiesApprovalAuthRef], [r].[NphiesApprovalIdentifier], [r].[NphiesApprovalSystem], [r].[NphiesEligibility], [r].[NphiesEligibilitySystem], [r].[NphieseRemarks], [r].[OfflineApproval], [r].[OfflineEligibility], [r].[OriginalEncounter], [r].[PatientShare], [r].[PatientTax], [r].[PayerID], [r].[PayerPolicyId], [r].[PolicyNumber], [r].[PostingStatus], [r].[PreAuthNo], [r].[ProcessId], [r].[ReSubmissionStatus], [r].[ReasonCode], [r].[RefundAmount], [r].[RejectionCount], [r].[Remarks], [r].[RemittanceLogId], [r].[ResponseBundleID], [r].[ResponseReceivedOn], [r].[ReturnAmount], [r].[RoomNo], [r].[SequenceNo], [r].[SettlementAmount], [r].[Status], [r].[StatusOld], [r].[SubStatus], [r].[SubmissionType], [r].[SubmittedBy], [r].[SubmittedDateTime], [r].[SubmittedOn], [r].[TaskId], [r].[TechnicalError], [r].[TechnicalRejectionRemarks], [r].[TechnicalStatus], [r].[TotalApproved], [r].[TotalSubmitted], [r].[TriageCategory], [r].[TriageDate], [r].[isMoh], [r].[pollResponseReceivedOn]
          FROM [RCM_Claim] AS [r]
          WHERE (((((([r].[OrganizationID] = @__orginaztionId_0) AND ([r].[FacilityID] = @__facilityId_1)) AND ([r].[PayerID] = @__payerId_2)) AND ([r].[Status] = CAST(103 AS tinyint))) AND ([r].[ProcessId] = @__processId_3)) AND (CONVERT(date, [r].[InvoiceDate]) >= @__dateFrom_Date_4)) AND (CONVERT(date, [r].[InvoiceDate]) <= @__dateTo_Date_5)
      ) AS [t]
      LEFT JOIN [RCM_ClaimPatientDetail] AS [r0] ON ([t].[ClaimID] = [r0].[ClaimID]) AND ([t].[OrganizationID] = [r0].[OrganizationID])
      LEFT JOIN [RCM_ClaimVitalSigns] AS [r1] ON ([t].[ClaimID] = [r1].[ClaimID]) AND ([t].[OrganizationID] = [r1].[OrganizationID])
      LEFT JOIN [RCM_ClaimDiagnosis] AS [r2] ON ([t].[ClaimID] = [r2].[ClaimID]) AND ([t].[OrganizationID] = [r2].[OrganizationID])
      ORDER BY [t].[ClaimID] DESC, [t].[OrganizationID], [r0].[ClaimID], [r0].[OrganizationID], [r1].[ClaimID], [r1].[OrganizationID], [r2].[ClaimID], [r2].[OrganizationID], [r2].[DiagnosisCode]
info: Microsoft.EntityFrameworkCore.Database.Command[20101]
      Executed DbCommand (57ms) [Parameters=[@__item_ClaimId_0='?' (DbType = Int64)], CommandType='Text', CommandTimeout='30']
      SELECT [r].[ServiceID], [r].[ClaimID], [r].[OrganizationID], [r].[LineitemNo], [r].[ActivityEncounterType], [r].[ApprovalNo], [r].[ApprovalNoOld], [r].[ApprovedAmount], [r].[ApprovedQuantity], [r].[BenefitAmount], [r].[ClaimIdentifier], [r].[ClassId], [r].[CompanyTax], [r].[CompanyTaxPct], [r].[CreatedOn], [r].[DaysSupplies], [r].[DenialParameterCode], [r].[DenialParameterType], [r].[EditedBy], [r].[EditedOn], [r].[EncounterEndType], [r].[EncounterStartType], [r].[HasChild], [r].[InvoiceDate], [r].[IsDeleted], [r].[IsPackage], [r].[IsPartOfPackageInvoice], [r].[IsPerformed], [r].[IsRefund], [r].[IsReturn], [r].[ItemReason], [r].[MOHServiceCode], [r].[MOHServiceCodeDescription], [r].[NphiesCodeType], [r].[NphiesSeqNo], [r].[NphiesStatus], [r].[NphieseRemarks], [r].[ObservationRemarks], [r].[ParentInvoiceNo], [r].[ParentServiceCode], [r].[ParentServiceId], [r].[PatientTax], [r].[PatientTaxPct], [r].[ProcessId], [r].[ReSubmissionStatus], [r].[ReasonCode], [r].[RefundAmount], [r].[RejectionDate], [r].[RejectionReasonId], [r].[RejectionReasonIdByReviewer], [r].[Remarks], [r].[RemittanceStatus], [r].[ResponseReceivedOn], [r].[ReturnAmount], [r].[ROW_ID], [r].[ServiceCode], [r].[ServiceCompanyShare], [r].[ServiceDiscountAmount], [r].[ServiceDiscountPct], [r].[ServiceEndDateTime], [r].[ServiceGrossAmount], [r].[ServiceNetAmount], [r].[ServicePatientShare], [r].[ServicePatientSharePct], [r].[ServiceQuantity], [r].[ServiceReferenceIdentity], [r].[ServiceReferenceNumber], [r].[ServiceStartDateTime], [r].[ServiceType], [r].[ServiceTypeIndicator], [r].[SettlementAmount], [r].[StandardCode], [r].[StandardCode2], [r].[Status], [r].[SubmittedAmount], [r].[SubmittedQuantity], [r].[TaxApproved], [r].[ToothNo], [r0].[ServiceType], [r0].[ServiceID], [r0].[CreatedBy], [r0].[CreatedOn], [r0].[ExternalCode], [r0].[FacilityGroupID], [r0].[Gender], [r0].[IsActive], [r0].[IsAutoAccepted], [r0].[IsDiscountAllowed], [r0].[IsPackage], [r0].[ModifiedBy], [r0].[ModifiedOn], [r0].[NphiesCodeSystem], [r0].[OrganizationID], [r0].[ServiceCatalogCode], [r0].[ServiceCatalogName], [r0].[ServiceCatalogNameN], [r0].[ServiceCategoryID], [r0].[ServiceGroupID], [r0].[ServiceSubGroupID], [r0].[TaxRate], [r0].[TaxType], CASE
          WHEN ([r].[MOHServiceCode] IS NOT NULL) AND ([r].[MOHServiceCode] <> N'') THEN CAST(1 AS bit)
          ELSE CAST(0 AS bit)
      END
      FROM [RCM_ClaimServicesDetail] AS [r]
      INNER JOIN [RCM_ServiceCatalog] AS [r0] ON [r].[ServiceID] = [r0].[ServiceID]
      WHERE ((((([r].[ClaimID] = @__item_ClaimId_0) AND (([r].[IsDeleted] <> CAST(1 AS bit)) OR ([r].[IsDeleted] IS NULL))) AND (([r].[IsRefund] <> CAST(1 AS bit)) OR ([r].[IsRefund] IS NULL))) AND (([r].[IsReturn] <> CAST(1 AS bit)) OR ([r].[IsReturn] IS NULL))) AND (([r].[ServiceCode] <> '05005009') OR ([r].[ServiceCode] IS NULL))) AND (([r].[ServiceCompanyShare] > 0.0) OR ([r].[ServiceCode] = '01002007'))
info: Microsoft.EntityFrameworkCore.Database.Command[20101]
      Executed DbCommand (45ms) [Parameters=[@__organizationId_0='?' (DbType = Int32), @__facilityId_1='?' (DbType = Int32)], CommandType='Text', CommandTimeout='30']
      SELECT TOP(1) [r].[FacilityID], [r].[OrganizationID], [r].[FacilityGroupID], [r].[AddressArea], [r].[AddressStreet], [r].[CityID], [r].[ClientName], [r].[CountryID], [r].[CreatedBy], [r].[CreatedOn], [r].[CutOfDate], [r].[CutOfDays], [r].[DataUploadingType], [r].[EmailAddress], [r].[ExternalCode], [r].[ExternalCode2], [r].[FacilityName], [r].[FacilityNameAlias], [r].[FacilityNameN], [r].[FaxNo], [r].[FileStorageProvider], [r].[IsActive], [r].[IsNphiesEnable], [r].[ModifiedBy], [r].[ModifiedOn], [r].[NphiesLicenseNo], [r].[PasswordHash], [r].[PhoneOffice1], [r].[PhoneOffice2], [r].[ProviderType], [r].[RegistrationNo], [r].[Shadowbillingenable], [r].[StateID], [r].[TaxRegistrationNo], [r].[WebSiteUrl], [r].[ZipCode]
      FROM [RCM_Facility] AS [r]
      WHERE (([r].[OrganizationID] = @__organizationId_0) AND ([r].[FacilityID] = @__facilityId_1)) AND ([r].[IsActive] = CAST(1 AS bit))
info: Microsoft.EntityFrameworkCore.Database.Command[20101]
      Executed DbCommand (48ms) [Parameters=[@__organizationId_0='?' (DbType = Int32)], CommandType='Text', CommandTimeout='30']
      SELECT [r].[OrganizationId], [r].[ServiceId], [r].[StandardCodeDescription]
      FROM [Rcm_StandardCode] AS [r]
      WHERE [r].[OrganizationId] = @__organizationId_0
info: Microsoft.EntityFrameworkCore.Database.Command[20101]
      Executed DbCommand (49ms) [Parameters=[@__organizationId_0='?' (DbType = Int32), @__facilityId_1='?' (DbType = Int32)], CommandType='Text', CommandTimeout='30']
      SELECT [r].[ClinicID], [r].[FacilityID], [r].[FacilityGroupID], [r].[OrganizationID], [r].[ClinicName], [r].[ClinicNameN], [r].[CreatedBy], [r].[CreatedOn], [r].[ExternalCode], [r].[IsActive], [r].[isDental], [r].[ModifiedBy], [r].[ModifiedOn]
      FROM [RCM_Clinic] AS [r]
      WHERE ([r].[OrganizationID] = @__organizationId_0) AND ([r].[FacilityID] = @__facilityId_1)
[12:31:48 INF] Retrived Claim Id # 70132
info: Microsoft.EntityFrameworkCore.Database.Command[20101]
      Executed DbCommand (52ms) [Parameters=[@__serviceId_0='?' (DbType = Int64)], CommandType='Text', CommandTimeout='30']
      SELECT TOP(1) [r].[ServiceCatalogName]
      FROM [RCM_ServiceCatalog] AS [r]
      WHERE [r].[ServiceID] = @__serviceId_0
info: Microsoft.EntityFrameworkCore.Database.Command[20101]
      Executed DbCommand (43ms) [Parameters=[@__claimId_0='?' (DbType = Int64)], CommandType='Text', CommandTimeout='30']
      SELECT COUNT(*)
      FROM [RCM_ClaimNphiesPostTrail] AS [r]
      WHERE [r].[ClaimId] = @__claimId_0
info: Microsoft.EntityFrameworkCore.Database.Command[20101]
      Executed DbCommand (44ms) [Parameters=[@__8__locals1_organizationId_0='?' (DbType = Int32)], CommandType='Text', CommandTimeout='30']
      SELECT TOP(1) [r].[PayerID], [r].[OrganizationID], [r].[Address], [r].[CardFormat], [r].[CityId], [r].[ClaimType], [r].[CompanyURL], [r].[ContactMobile], [r].[ContactPerson], [r].[ContactPersonEmail], [r].[CountryId], [r].[CreatedBy], [r].[CreatedOn], [r].[EmailAddress], [r].[ExternalCode], [r].[Fax], [r].[IsActive], [r].[IsManagedByTPA], [r].[IsNphiesEnable], [r].[IsReferral], [r].[IsTPA], [r].[ModifiedBy], [r].[ModifiedOn], [r].[NphiesLicenseNo], [r].[PayerName], [r].[PayerNameN], [r].[PayerType], [r].[PhoneOffice1], [r].[PhoneOffice2], [r].[POBox], [r].[Shadowbillingenable], [r].[StateID], [r].[TaxRegistrationNo], [r].[Taxable], [r].[ZipCode]
      FROM [RCM_Payer] AS [r]
      WHERE ([r].[OrganizationID] = @__8__locals1_organizationId_0) AND ([r].[PayerID] = 12)
info: Microsoft.EntityFrameworkCore.Database.Command[20101]
      Executed DbCommand (48ms) [Parameters=[@__icdCode_0='?' (Size = 150) (DbType = AnsiString)], CommandType='Text', CommandTimeout='30']
      SELECT TOP(1) [r].[DiagnosisCode], [r].[DiagnosisDescription], [r].[DiagnosisId], [r].[IsMorphology], [r].[IsRTADiagnosis]
      FROM [RCM_Diagnosis] AS [r]
      WHERE LTRIM(RTRIM([r].[DiagnosisCode])) = @__icdCode_0
info: Microsoft.EntityFrameworkCore.Database.Command[20101]
      Executed DbCommand (43ms) [Parameters=[@__claim_PayerId_0='?' (DbType = Int32)], CommandType='Text', CommandTimeout='30']
      SELECT TOP(1) [r].[PayerID], [r].[OrganizationID], [r].[Address], [r].[CardFormat], [r].[CityId], [r].[ClaimType], [r].[CompanyURL], [r].[ContactMobile], [r].[ContactPerson], [r].[ContactPersonEmail], [r].[CountryId], [r].[CreatedBy], [r].[CreatedOn], [r].[EmailAddress], [r].[ExternalCode], [r].[Fax], [r].[IsActive], [r].[IsManagedByTPA], [r].[IsNphiesEnable], [r].[IsReferral], [r].[IsTPA], [r].[ModifiedBy], [r].[ModifiedOn], [r].[NphiesLicenseNo], [r].[PayerName], [r].[PayerNameN], [r].[PayerType], [r].[PhoneOffice1], [r].[PhoneOffice2], [r].[POBox], [r].[Shadowbillingenable], [r].[StateID], [r].[TaxRegistrationNo], [r].[Taxable], [r].[ZipCode]
      FROM [RCM_Payer] AS [r]
      WHERE [r].[PayerID] = @__claim_PayerId_0
info: Microsoft.EntityFrameworkCore.Database.Command[20101]
      Executed DbCommand (43ms) [Parameters=[@__claim_PayerId_0='?' (DbType = Int32)], CommandType='Text', CommandTimeout='30']
      SELECT TOP(1) [r].[PayerID], [r].[OrganizationID], [r].[Address], [r].[CardFormat], [r].[CityId], [r].[ClaimType], [r].[CompanyURL], [r].[ContactMobile], [r].[ContactPerson], [r].[ContactPersonEmail], [r].[CountryId], [r].[CreatedBy], [r].[CreatedOn], [r].[EmailAddress], [r].[ExternalCode], [r].[Fax], [r].[IsActive], [r].[IsManagedByTPA], [r].[IsNphiesEnable], [r].[IsReferral], [r].[IsTPA], [r].[ModifiedBy], [r].[ModifiedOn], [r].[NphiesLicenseNo], [r].[PayerName], [r].[PayerNameN], [r].[PayerType], [r].[PhoneOffice1], [r].[PhoneOffice2], [r].[POBox], [r].[Shadowbillingenable], [r].[StateID], [r].[TaxRegistrationNo], [r].[Taxable], [r].[ZipCode]
      FROM [RCM_Payer] AS [r]
      WHERE [r].[PayerID] = @__claim_PayerId_0
info: Microsoft.EntityFrameworkCore.Database.Command[20101]
      Executed DbCommand (47ms) [Parameters=[@__8__locals1_adaptorCode_0='?' (Size = 100) (DbType = AnsiString), @__8__locals1_payerEntity_OrganizationId_1='?' (DbType = Int32)], CommandType='Text', CommandTimeout='30']
      SELECT TOP(1) [r].[AdapterID], [r].[AdapterName], [r].[AdapterTypeId], [r].[AdaptorCode], [r].[CreatedBy], [r].[CreatedOn], [r].[FileType], [r].[IsActive], [r].[OrganizationID]
      FROM [RCM_Adapter] AS [r]
      WHERE ([r].[AdaptorCode] = @__8__locals1_adaptorCode_0) AND ([r].[OrganizationID] = @__8__locals1_payerEntity_OrganizationId_1)
info: Microsoft.EntityFrameworkCore.Database.Command[20101]
      Executed DbCommand (45ms) [Parameters=[@__ToString_0='?' (Size = 50) (DbType = AnsiString), @__adapter_AdapterId_1='?' (DbType = Int32)], CommandType='Text', CommandTimeout='30']
      SELECT TOP(1) [r].[AdapterMappingID], [r].[AdapterID], [r].[CreatedBy], [r].[CreatedOn], [r].[IsActive], [r].[ModifiedBy], [r].[ModifiedOn], [r].[ParameterMasterID], [r].[ParameterType], [r].[ParameterValue]
      FROM [RCM_AdapterMapping] AS [r]
      WHERE (([r].[ParameterType] = @__ToString_0) AND ([r].[ParameterMasterID] = 2)) AND ([r].[AdapterID] = @__adapter_AdapterId_1)
info: Microsoft.EntityFrameworkCore.Database.Command[20101]
      Executed DbCommand (46ms) [Parameters=[@__claim_PayerId_0='?' (DbType = Int32), @__claim_PayerPolicyId_1='?' (DbType = Int32)], CommandType='Text', CommandTimeout='30']
      SELECT TOP(1) [r].[PayerPolicyID], [r].[OrganizationID], [r].[PayerID], [r].[CreatedBy], [r].[CreatedOn], [r].[ExternalCode], [r].[InsuranceNhic], [r].[IsActive], [r].[IsNphiesEnable], [r].[ModifiedBy], [r].[ModifiedOn], [r].[PayerPolicyExpiryDate], [r].[PayerPolicyName], [r].[PayerPolicyNameN], [r].[PayerPolicyNo], [r].[Remarks]
      FROM [RCM_PayerPolicy] AS [r]
      WHERE (([r].[PayerID] = @__claim_PayerId_0) AND ([r].[PayerPolicyID] = @__claim_PayerPolicyId_1)) AND ([r].[IsActive] = CAST(1 AS bit))
info: Microsoft.EntityFrameworkCore.Database.Command[20101]
      Executed DbCommand (66ms) [Parameters=[@__8__locals1_adaptorCode_0='?' (Size = 100) (DbType = AnsiString), @__8__locals1_facilityEntity_OrganizationId_1='?' (DbType = Int32)], CommandType='Text', CommandTimeout='30']
      SELECT TOP(1) [r].[AdapterID], [r].[AdapterName], [r].[AdapterTypeId], [r].[AdaptorCode], [r].[CreatedBy], [r].[CreatedOn], [r].[FileType], [r].[IsActive], [r].[OrganizationID]
      FROM [RCM_Adapter] AS [r]
      WHERE ([r].[AdaptorCode] = @__8__locals1_adaptorCode_0) AND ([r].[OrganizationID] = @__8__locals1_facilityEntity_OrganizationId_1)
info: Microsoft.EntityFrameworkCore.Database.Command[20101]
      Executed DbCommand (43ms) [Parameters=[@__ToString_0='?' (Size = 50) (DbType = AnsiString), @__adapter_AdapterId_1='?' (DbType = Int32)], CommandType='Text', CommandTimeout='30']
      SELECT TOP(1) [r].[AdapterMappingID], [r].[AdapterID], [r].[CreatedBy], [r].[CreatedOn], [r].[IsActive], [r].[ModifiedBy], [r].[ModifiedOn], [r].[ParameterMasterID], [r].[ParameterType], [r].[ParameterValue]
      FROM [RCM_AdapterMapping] AS [r]
      WHERE (([r].[ParameterType] = @__ToString_0) AND ([r].[ParameterMasterID] = 1)) AND ([r].[AdapterID] = @__adapter_AdapterId_1)
info: Microsoft.EntityFrameworkCore.Database.Command[20101]
      Executed DbCommand (48ms) [Parameters=[@__organizationId_0='?' (DbType = Int32), @__claimId_1='?' (DbType = Int64)], CommandType='Text', CommandTimeout='30']
      SELECT TOP(1) [r].[DischargeDisposition]
      FROM [RCM_DischargeSummary] AS [r]
      WHERE ([r].[OrganizationID] = @__organizationId_0) AND ([r].[ClaimID] = @__claimId_1)
info: Microsoft.EntityFrameworkCore.Database.Command[20101]
      Executed DbCommand (56ms) [Parameters=[@__organizationId_0='?' (DbType = Int32), @__facilityId_1='?' (DbType = Int32), @__doctorId_2='?' (DbType = Int32)], CommandType='Text', CommandTimeout='30']
      SELECT [r].[DoctorID], [r].[OrganizationID], [r].[FacilityGroupID], [r].[FacilityID], [r].[Address], [r].[CityID], [r].[CountryID], [r].[CreatedBy], [r].[CreatedOn], [r].[DateofBirth], [r].[DateofJoining], [r].[DoctorName], [r].[DoctorNameN], [r].[EmailExternal], [r].[EmailInternal], [r].[EmploymentType], [r].[ExternalCode], [r].[FaxNo], [r].[Gender], [r].[IsActive], [r].[MaritalStatus], [r].[MobileNumber], [r].[ModifiedBy], [r].[ModifiedOn], [r].[NationalityID], [r].[PhoneResidence], [r].[Remarks], [r].[StateID], [r].[ZipCode], [r0].[LicenseID], [r0].[DoctorID], [r0].[OrganizationID], [r0].[FacilityGroupID], [r0].[FacilityID], [r0].[CreatedBy], [r0].[CreatedOn], [r0].[DoctorLogin], [r0].[DoctorPwd], [r0].[IsActive], [r0].[LicenseExpiryDate], [r0].[LicenseNumber], [r0].[LicenseType], [r0].[ModifiedBy], [r0].[ModifiedOn]
      FROM [RCM_Doctor] AS [r]
      LEFT JOIN [RCM_DoctorLicenses] AS [r0] ON ((([r].[DoctorID] = [r0].[DoctorID]) AND ([r].[OrganizationID] = [r0].[OrganizationID])) AND ([r].[FacilityGroupID] = [r0].[FacilityGroupID])) AND ([r].[FacilityID] = [r0].[FacilityID])
      WHERE (([r].[OrganizationID] = @__organizationId_0) AND ([r].[FacilityID] = @__facilityId_1)) AND ([r].[DoctorID] = @__doctorId_2)
      ORDER BY [r].[DoctorID], [r].[OrganizationID], [r].[FacilityGroupID], [r].[FacilityID], [r0].[LicenseID], [r0].[DoctorID], [r0].[OrganizationID], [r0].[FacilityGroupID]
info: Microsoft.EntityFrameworkCore.Database.Command[20101]
      Executed DbCommand (43ms) [Parameters=[@__claim_PayerId_0='?' (DbType = Int32)], CommandType='Text', CommandTimeout='30']
      SELECT TOP(1) [r].[PayerID], [r].[OrganizationID], [r].[Address], [r].[CardFormat], [r].[CityId], [r].[ClaimType], [r].[CompanyURL], [r].[ContactMobile], [r].[ContactPerson], [r].[ContactPersonEmail], [r].[CountryId], [r].[CreatedBy], [r].[CreatedOn], [r].[EmailAddress], [r].[ExternalCode], [r].[Fax], [r].[IsActive], [r].[IsManagedByTPA], [r].[IsNphiesEnable], [r].[IsReferral], [r].[IsTPA], [r].[ModifiedBy], [r].[ModifiedOn], [r].[NphiesLicenseNo], [r].[PayerName], [r].[PayerNameN], [r].[PayerType], [r].[PhoneOffice1], [r].[PhoneOffice2], [r].[POBox], [r].[Shadowbillingenable], [r].[StateID], [r].[TaxRegistrationNo], [r].[Taxable], [r].[ZipCode]
      FROM [RCM_Payer] AS [r]
      WHERE [r].[PayerID] = @__claim_PayerId_0
info: Microsoft.EntityFrameworkCore.Database.Command[20101]
      Executed DbCommand (56ms) [Parameters=[@__organizationId_0='?' (DbType = Int32), @__claimId_1='?' (DbType = Int64)], CommandType='Text', CommandTimeout='30']
      SELECT TOP(1) [r].[DischargeDisposition], [r].[ClinicID] AS [ClinicId], [r].[DoctorID] AS [DoctorId]
      FROM [RCM_DischargeSummary] AS [r]
      WHERE ([r].[OrganizationID] = @__organizationId_0) AND ([r].[ClaimID] = @__claimId_1)
info: Microsoft.EntityFrameworkCore.Database.Command[20101]
      Executed DbCommand (49ms) [Parameters=[@__claimId_0='?' (DbType = Int64)], CommandType='Text', CommandTimeout='30']
      SELECT CONVERT(bigint, [r].[DocumentId])
      FROM [RCM_Attachment] AS [r]
      WHERE (((([r].[TransactionID] = @__claimId_0) AND ([r].[IsActive] IS NOT NULL)) AND ([r].[IsActive] = CAST(1 AS bit))) AND ([r].[IncludeSubmission] IS NOT NULL)) AND ([r].[IncludeSubmission] = CAST(1 AS bit))
info: Microsoft.AspNetCore.Mvc.Infrastructure.ObjectResultExecutor[1]
      Executing ObjectResult, writing value of type 'System.Collections.Generic.List`1[[Nphies.Core.Models.ClaimDetail, Nphies.Core, Version=1.0.0.0, Culture=neutral, PublicKeyToken=null]]'.
info: Microsoft.AspNetCore.Mvc.Infrastructure.ControllerActionInvoker[2]
      Executed action Nphies.Core.Controllers.IntegrationController.GetClaims (Nphies.Core) in 26865.9274ms
info: Microsoft.AspNetCore.Routing.EndpointMiddleware[1]
      Executed endpoint 'Nphies.Core.Controllers.IntegrationController.GetClaims (Nphies.Core)'
info: Microsoft.AspNetCore.Hosting.Diagnostics[2]
      Request finished HTTP/1.1 GET https://localhost:44350/api/Integration/Claims?orginzationId=1&facilityId=3&adaptorCode=nphies-malath-1&dateFrom=10/1/2025%2012:00:00%20AM&dateTo=10/30/2025%2012:00:00%20AM&processId=20773&batchSize=1&payerId=12 - 0 - 200 - application/json;+charset=utf-8 27053.2221ms
info: Microsoft.AspNetCore.Hosting.Diagnostics[1]
      Request starting HTTP/1.1 POST https://localhost:44350/api/Integration/UpdateResponse application/json;+charset=utf-8 6222
info: Microsoft.AspNetCore.Routing.EndpointMiddleware[0]
      Executing endpoint 'Nphies.Core.Controllers.IntegrationController.UpdateClaimStatus (Nphies.Core)'
info: Microsoft.AspNetCore.Mvc.Infrastructure.ControllerActionInvoker[3]
      Route matched with {action = "UpdateClaimStatus", controller = "Integration"}. Executing controller action with signature System.Threading.Tasks.ValueTask`1[System.Boolean] UpdateClaimStatus(Nphies.Core.Models.ClaimResponseRequest) on controller Nphies.Core.Controllers.IntegrationController (Nphies.Core).
info: Microsoft.EntityFrameworkCore.Infrastructure[10403]
      Entity Framework Core 6.0.9 initialized 'ZyklusCoreContext' using provider 'Microsoft.EntityFrameworkCore.SqlServer:6.0.9' with options: None
info: Microsoft.EntityFrameworkCore.Database.Command[20101]
      Executed DbCommand (49ms) [Parameters=[@__claimId_0='?' (DbType = Int64)], CommandType='Text', CommandTimeout='30']
      SELECT TOP(1) [r].[ClaimID], [r].[OrganizationID], [r].[ApproverID], [r].[BatchBundleId], [r].[BatchIdentifier], [r].[BatchRefNo], [r].[BedNo], [r].[ClaimBundleId], [r].[ClaimIdentifier], [r].[ClaimMode], [r].[ClaimSubmisionRefrenceNo], [r].[ClaimType], [r].[ClinicID], [r].[Comments], [r].[CommunicationIdentifier], [r].[CommunicationUrl], [r].[CompanyShare], [r].[CompanyTax], [r].[CreatedBy], [r].[CreatedOn], [r].[DenialParameterCode], [r].[DenialParameterType], [r].[DischargeDateTime], [r].[DischargeDisposition], [r].[DiscountAmount], [r].[Discovery], [r].[DoctorID], [r].[DocumentReferenceNo], [r].[EligibilityCode], [r].[EmergencyArrivalCode], [r].[EmergencyDepartmentDisposition], [r].[EncounterAdmitSource], [r].[EncounterDateTime], [r].[EncounterNo], [r].[EncounterType], [r].[EpisodeId], [r].[ExternalReferenceNo], [r].[FacilityID], [r].[GrossAmount], [r].[ISPDFAttached], [r].[IntendedLenghtOfStay], [r].[InvoiceDate], [r].[IsDocumentProcessed], [r].[isErrorResolved], [r].[IsInsuranceEligible], [r].[IsMedicalReviewed], [r].[IsPendedReceived], [r].[IsProcessedByBGJob], [r].[IsReadyForSubmit], [r].[IsRefund], [r].[IsReturn], [r].[IsReviewdByRuleEngine], [r].[IsTechnicalReviewed], [r].[IsUpdatedInvoice], [r].[ItemReason], [r].[MedicalError], [r].[MedicalRejectionRemarks], [r].[MedicalStatus], [r].[ModifiedBy], [r].[ModifiedOn], [r].[NetAmount], [r].[NphiesApprovalAuthRef], [r].[NphiesApprovalIdentifier], [r].[NphiesApprovalSystem], [r].[NphiesEligibility], [r].[NphiesEligibilitySystem], [r].[NphieseRemarks], [r].[OfflineApproval], [r].[OfflineEligibility], [r].[OriginalEncounter], [r].[PatientShare], [r].[PatientTax], [r].[PayerID], [r].[PayerPolicyId], [r].[PolicyNumber], [r].[PostingStatus], [r].[PreAuthNo], [r].[ProcessId], [r].[ReSubmissionStatus], [r].[ReasonCode], [r].[RefundAmount], [r].[RejectionCount], [r].[Remarks], [r].[RemittanceLogId], [r].[ResponseBundleID], [r].[ResponseReceivedOn], [r].[ReturnAmount], [r].[RoomNo], [r].[SequenceNo], [r].[SettlementAmount], [r].[Status], [r].[StatusOld], [r].[SubStatus], [r].[SubmissionType], [r].[SubmittedBy], [r].[SubmittedDateTime], [r].[SubmittedOn], [r].[TaskId], [r].[TechnicalError], [r].[TechnicalRejectionRemarks], [r].[TechnicalStatus], [r].[TotalApproved], [r].[TotalSubmitted], [r].[TriageCategory], [r].[TriageDate], [r].[isMoh], [r].[pollResponseReceivedOn]
      FROM [RCM_Claim] AS [r]
      WHERE [r].[ClaimID] = @__claimId_0
info: Microsoft.EntityFrameworkCore.Database.Command[20101]
      Executed DbCommand (49ms) [Parameters=[], CommandType='Text', CommandTimeout='30']
      SELECT [r].[ClaimID], [r].[OrganizationID], [r].[ServiceID], [r].[LineitemNo], [r].[ActivityEncounterType], [r].[ApprovalNo], [r].[ApprovalNoOld], [r].[ApprovedAmount], [r].[ApprovedQuantity], [r].[BenefitAmount], [r].[ClaimIdentifier], [r].[ClassId], [r].[CompanyTax], [r].[CompanyTaxPct], [r].[CreatedOn], [r].[DaysSupplies], [r].[DenialParameterCode], [r].[DenialParameterType], [r].[EditedBy], [r].[EditedOn], [r].[EncounterEndType], [r].[EncounterStartType], [r].[HasChild], [r].[InvoiceDate], [r].[IsDeleted], [r].[IsPackage], [r].[IsPartOfPackageInvoice], [r].[IsPerformed], [r].[IsRefund], [r].[IsReturn], [r].[ItemReason], [r].[MOHServiceCode], [r].[MOHServiceCodeDescription], [r].[NphiesCodeType], [r].[NphiesSeqNo], [r].[NphiesStatus], [r].[NphieseRemarks], [r].[ObservationRemarks], [r].[ParentInvoiceNo], [r].[ParentServiceCode], [r].[ParentServiceId], [r].[PatientTax], [r].[PatientTaxPct], [r].[ProcessId], [r].[ReSubmissionStatus], [r].[ReasonCode], [r].[RefundAmount], [r].[RejectionDate], [r].[RejectionReasonId], [r].[RejectionReasonIdByReviewer], [r].[Remarks], [r].[RemittanceStatus], [r].[ResponseReceivedOn], [r].[ReturnAmount], [r].[ROW_ID], [r].[ServiceCode], [r].[ServiceCompanyShare], [r].[ServiceDiscountAmount], [r].[ServiceDiscountPct], [r].[ServiceEndDateTime], [r].[ServiceGrossAmount], [r].[ServiceNetAmount], [r].[ServicePatientShare], [r].[ServicePatientSharePct], [r].[ServiceQuantity], [r].[ServiceReferenceIdentity], [r].[ServiceReferenceNumber], [r].[ServiceStartDateTime], [r].[ServiceType], [r].[ServiceTypeIndicator], [r].[SettlementAmount], [r].[StandardCode], [r].[StandardCode2], [r].[Status], [r].[SubmittedAmount], [r].[SubmittedQuantity], [r].[TaxApproved], [r].[ToothNo]
      FROM [RCM_ClaimServicesDetail] AS [r]
      WHERE ((([r].[ROW_ID] = 120688) AND (([r].[IsDeleted] = CAST(0 AS bit)) OR ([r].[IsDeleted] IS NULL))) AND (([r].[IsRefund] = CAST(0 AS bit)) OR ([r].[IsRefund] IS NULL))) AND (([r].[IsReturn] = CAST(0 AS bit)) OR ([r].[IsReturn] IS NULL))
info: Microsoft.EntityFrameworkCore.Database.Command[20101]
      Executed DbCommand (51ms) [Parameters=[@p4='?' (DbType = Int64), @p5='?' (DbType = Int32), @p0='?' (Size = 100) (DbType = AnsiString), @p1='?' (Size = 200) (DbType = AnsiString), @p2='?' (Size = 100) (DbType = AnsiString), @p3='?' (Size = 100) (DbType = AnsiString)], CommandType='Text', CommandTimeout='30']
      SET NOCOUNT ON;
      UPDATE [RCM_Claim] SET [BatchBundleId] = @p0, [BatchIdentifier] = @p1, [ClaimBundleId] = @p2, [ClaimIdentifier] = @p3
      WHERE [ClaimID] = @p4 AND [OrganizationID] = @p5;
      SELECT @@ROWCOUNT;
info: Microsoft.EntityFrameworkCore.Database.Command[20101]
      Executed DbCommand (44ms) [Parameters=[@p1='?' (DbType = Int64), @p2='?' (DbType = Int16), @p3='?' (DbType = Int32), @p4='?' (DbType = Int64), @p0='?' (Size = 100) (DbType = AnsiString)], CommandType='Text', CommandTimeout='30']
      SET NOCOUNT ON;
      UPDATE [RCM_ClaimServicesDetail] SET [ClaimIdentifier] = @p0
      WHERE [ClaimID] = @p1 AND [LineitemNo] = @p2 AND [OrganizationID] = @p3 AND [ServiceID] = @p4;
      SELECT @@ROWCOUNT;
info: Microsoft.AspNetCore.Mvc.Infrastructure.ObjectResultExecutor[1]
      Executing ObjectResult, writing value of type 'System.Boolean'.
info: Microsoft.AspNetCore.Mvc.Infrastructure.ControllerActionInvoker[2]
      Executed action Nphies.Core.Controllers.IntegrationController.UpdateClaimStatus (Nphies.Core) in 910.415ms
info: Microsoft.AspNetCore.Routing.EndpointMiddleware[1]
      Executed endpoint 'Nphies.Core.Controllers.IntegrationController.UpdateClaimStatus (Nphies.Core)'
info: Microsoft.AspNetCore.Hosting.Diagnostics[2]
      Request finished HTTP/1.1 POST https://localhost:44350/api/Integration/UpdateResponse application/json;+charset=utf-8 6222 - 200 - application/json;+charset=utf-8 933.1819ms
info: Microsoft.AspNetCore.Hosting.Diagnostics[1]
      Request starting HTTP/1.1 POST https://localhost:44350/api/Integration/UpdateResponse application/json;+charset=utf-8 6206
info: Microsoft.AspNetCore.Routing.EndpointMiddleware[0]
      Executing endpoint 'Nphies.Core.Controllers.IntegrationController.UpdateClaimStatus (Nphies.Core)'
info: Microsoft.AspNetCore.Mvc.Infrastructure.ControllerActionInvoker[3]
      Route matched with {action = "UpdateClaimStatus", controller = "Integration"}. Executing controller action with signature System.Threading.Tasks.ValueTask`1[System.Boolean] UpdateClaimStatus(Nphies.Core.Models.ClaimResponseRequest) on controller Nphies.Core.Controllers.IntegrationController (Nphies.Core).
info: Microsoft.EntityFrameworkCore.Infrastructure[10403]
      Entity Framework Core 6.0.9 initialized 'ZyklusCoreContext' using provider 'Microsoft.EntityFrameworkCore.SqlServer:6.0.9' with options: None
info: Microsoft.EntityFrameworkCore.Database.Command[20101]
      Executed DbCommand (84ms) [Parameters=[@__ToInt64_0='?' (DbType = Int64)], CommandType='Text', CommandTimeout='30']
      SELECT TOP(1) [r].[ClaimID], [r].[OrganizationID], [r].[ApproverID], [r].[BatchBundleId], [r].[BatchIdentifier], [r].[BatchRefNo], [r].[BedNo], [r].[ClaimBundleId], [r].[ClaimIdentifier], [r].[ClaimMode], [r].[ClaimSubmisionRefrenceNo], [r].[ClaimType], [r].[ClinicID], [r].[Comments], [r].[CommunicationIdentifier], [r].[CommunicationUrl], [r].[CompanyShare], [r].[CompanyTax], [r].[CreatedBy], [r].[CreatedOn], [r].[DenialParameterCode], [r].[DenialParameterType], [r].[DischargeDateTime], [r].[DischargeDisposition], [r].[DiscountAmount], [r].[Discovery], [r].[DoctorID], [r].[DocumentReferenceNo], [r].[EligibilityCode], [r].[EmergencyArrivalCode], [r].[EmergencyDepartmentDisposition], [r].[EncounterAdmitSource], [r].[EncounterDateTime], [r].[EncounterNo], [r].[EncounterType], [r].[EpisodeId], [r].[ExternalReferenceNo], [r].[FacilityID], [r].[GrossAmount], [r].[ISPDFAttached], [r].[IntendedLenghtOfStay], [r].[InvoiceDate], [r].[IsDocumentProcessed], [r].[isErrorResolved], [r].[IsInsuranceEligible], [r].[IsMedicalReviewed], [r].[IsPendedReceived], [r].[IsProcessedByBGJob], [r].[IsReadyForSubmit], [r].[IsRefund], [r].[IsReturn], [r].[IsReviewdByRuleEngine], [r].[IsTechnicalReviewed], [r].[IsUpdatedInvoice], [r].[ItemReason], [r].[MedicalError], [r].[MedicalRejectionRemarks], [r].[MedicalStatus], [r].[ModifiedBy], [r].[ModifiedOn], [r].[NetAmount], [r].[NphiesApprovalAuthRef], [r].[NphiesApprovalIdentifier], [r].[NphiesApprovalSystem], [r].[NphiesEligibility], [r].[NphiesEligibilitySystem], [r].[NphieseRemarks], [r].[OfflineApproval], [r].[OfflineEligibility], [r].[OriginalEncounter], [r].[PatientShare], [r].[PatientTax], [r].[PayerID], [r].[PayerPolicyId], [r].[PolicyNumber], [r].[PostingStatus], [r].[PreAuthNo], [r].[ProcessId], [r].[ReSubmissionStatus], [r].[ReasonCode], [r].[RefundAmount], [r].[RejectionCount], [r].[Remarks], [r].[RemittanceLogId], [r].[ResponseBundleID], [r].[ResponseReceivedOn], [r].[ReturnAmount], [r].[RoomNo], [r].[SequenceNo], [r].[SettlementAmount], [r].[Status], [r].[StatusOld], [r].[SubStatus], [r].[SubmissionType], [r].[SubmittedBy], [r].[SubmittedDateTime], [r].[SubmittedOn], [r].[TaskId], [r].[TechnicalError], [r].[TechnicalRejectionRemarks], [r].[TechnicalStatus], [r].[TotalApproved], [r].[TotalSubmitted], [r].[TriageCategory], [r].[TriageDate], [r].[isMoh], [r].[pollResponseReceivedOn]
      FROM [RCM_Claim] AS [r]
      WHERE [r].[ClaimID] = @__ToInt64_0
info: Microsoft.EntityFrameworkCore.Database.Command[20101]
      Executed DbCommand (63ms) [Parameters=[@__claimRequest_ClaimId_0='?' (DbType = Int64), @__claimRequest_OrganizationId_1='?' (DbType = Int32)], CommandType='Text', CommandTimeout='30']
      SELECT TOP(1) [r].[Id], [r].[ClaimBundleId], [r].[ClaimId], [r].[ClaimIdentifier], [r].[CreatedBy], [r].[CreatedOn], [r].[CriteriaType], [r].[OrganizationID], [r].[PreviousClaimIdentifier], [r].[PrevoiusClaimBundleId], [r].[ProcessId], [r].[rowversion], [r].[SequenceNumber]
      FROM [RCM_ClaimNphiesPostTrail] AS [r]
      WHERE ([r].[ClaimId] = @__claimRequest_ClaimId_0) AND ([r].[OrganizationID] = @__claimRequest_OrganizationId_1)
      ORDER BY [r].[Id] DESC
info: Microsoft.EntityFrameworkCore.Database.Command[20101]
      Executed DbCommand (45ms) [Parameters=[@p0='?' (Size = 255), @p1='?' (DbType = Int64), @p2='?' (Size = 255), @p3='?' (DbType = Int32), @p4='?' (DbType = DateTime), @p5='?' (DbType = Int32), @p6='?' (DbType = Int32), @p7='?' (Size = 255), @p8='?' (Size = 255), @p9='?' (DbType = Int64), @p10='?' (DbType = Int32)], CommandType='Text', CommandTimeout='30']
      SET NOCOUNT ON;
      INSERT INTO [RCM_ClaimNphiesPostTrail] ([ClaimBundleId], [ClaimId], [ClaimIdentifier], [CreatedBy], [CreatedOn], [CriteriaType], [OrganizationID], [PreviousClaimIdentifier], [PrevoiusClaimBundleId], [ProcessId], [SequenceNumber])
      VALUES (@p0, @p1, @p2, @p3, @p4, @p5, @p6, @p7, @p8, @p9, @p10);
      SELECT [Id], [rowversion]
      FROM [RCM_ClaimNphiesPostTrail]
      WHERE @@ROWCOUNT = 1 AND [Id] = scope_identity();
info: Microsoft.AspNetCore.Mvc.Infrastructure.ObjectResultExecutor[1]
      Executing ObjectResult, writing value of type 'System.Boolean'.
info: Microsoft.AspNetCore.Mvc.Infrastructure.ControllerActionInvoker[2]
      Executed action Nphies.Core.Controllers.IntegrationController.UpdateClaimStatus (Nphies.Core) in 1154.9849ms
info: Microsoft.AspNetCore.Routing.EndpointMiddleware[1]
      Executed endpoint 'Nphies.Core.Controllers.IntegrationController.UpdateClaimStatus (Nphies.Core)'
info: Microsoft.AspNetCore.Hosting.Diagnostics[2]
      Request finished HTTP/1.1 POST https://localhost:44350/api/Integration/UpdateResponse application/json;+charset=utf-8 6206 - 200 - application/json;+charset=utf-8 1170.1592ms
info: Microsoft.AspNetCore.Hosting.Diagnostics[1]
      Request starting HTTP/1.1 POST https://localhost:44350/api/Integration/UpdateResponse application/json;+charset=utf-8 6206
info: Microsoft.AspNetCore.Routing.EndpointMiddleware[0]
      Executing endpoint 'Nphies.Core.Controllers.IntegrationController.UpdateClaimStatus (Nphies.Core)'
info: Microsoft.AspNetCore.Mvc.Infrastructure.ControllerActionInvoker[3]
      Route matched with {action = "UpdateClaimStatus", controller = "Integration"}. Executing controller action with signature System.Threading.Tasks.ValueTask`1[System.Boolean] UpdateClaimStatus(Nphies.Core.Models.ClaimResponseRequest) on controller Nphies.Core.Controllers.IntegrationController (Nphies.Core).
info: Microsoft.EntityFrameworkCore.Infrastructure[10403]
      Entity Framework Core 6.0.9 initialized 'ZyklusCoreContext' using provider 'Microsoft.EntityFrameworkCore.SqlServer:6.0.9' with options: None
info: Microsoft.EntityFrameworkCore.Database.Command[20101]
      Executed DbCommand (57ms) [Parameters=[@__ToInt64_0='?' (DbType = Int64)], CommandType='Text', CommandTimeout='30']
      SELECT TOP(1) [r].[ClaimID], [r].[OrganizationID], [r].[ApproverID], [r].[BatchBundleId], [r].[BatchIdentifier], [r].[BatchRefNo], [r].[BedNo], [r].[ClaimBundleId], [r].[ClaimIdentifier], [r].[ClaimMode], [r].[ClaimSubmisionRefrenceNo], [r].[ClaimType], [r].[ClinicID], [r].[Comments], [r].[CommunicationIdentifier], [r].[CommunicationUrl], [r].[CompanyShare], [r].[CompanyTax], [r].[CreatedBy], [r].[CreatedOn], [r].[DenialParameterCode], [r].[DenialParameterType], [r].[DischargeDateTime], [r].[DischargeDisposition], [r].[DiscountAmount], [r].[Discovery], [r].[DoctorID], [r].[DocumentReferenceNo], [r].[EligibilityCode], [r].[EmergencyArrivalCode], [r].[EmergencyDepartmentDisposition], [r].[EncounterAdmitSource], [r].[EncounterDateTime], [r].[EncounterNo], [r].[EncounterType], [r].[EpisodeId], [r].[ExternalReferenceNo], [r].[FacilityID], [r].[GrossAmount], [r].[ISPDFAttached], [r].[IntendedLenghtOfStay], [r].[InvoiceDate], [r].[IsDocumentProcessed], [r].[isErrorResolved], [r].[IsInsuranceEligible], [r].[IsMedicalReviewed], [r].[IsPendedReceived], [r].[IsProcessedByBGJob], [r].[IsReadyForSubmit], [r].[IsRefund], [r].[IsReturn], [r].[IsReviewdByRuleEngine], [r].[IsTechnicalReviewed], [r].[IsUpdatedInvoice], [r].[ItemReason], [r].[MedicalError], [r].[MedicalRejectionRemarks], [r].[MedicalStatus], [r].[ModifiedBy], [r].[ModifiedOn], [r].[NetAmount], [r].[NphiesApprovalAuthRef], [r].[NphiesApprovalIdentifier], [r].[NphiesApprovalSystem], [r].[NphiesEligibility], [r].[NphiesEligibilitySystem], [r].[NphieseRemarks], [r].[OfflineApproval], [r].[OfflineEligibility], [r].[OriginalEncounter], [r].[PatientShare], [r].[PatientTax], [r].[PayerID], [r].[PayerPolicyId], [r].[PolicyNumber], [r].[PostingStatus], [r].[PreAuthNo], [r].[ProcessId], [r].[ReSubmissionStatus], [r].[ReasonCode], [r].[RefundAmount], [r].[RejectionCount], [r].[Remarks], [r].[RemittanceLogId], [r].[ResponseBundleID], [r].[ResponseReceivedOn], [r].[ReturnAmount], [r].[RoomNo], [r].[SequenceNo], [r].[SettlementAmount], [r].[Status], [r].[StatusOld], [r].[SubStatus], [r].[SubmissionType], [r].[SubmittedBy], [r].[SubmittedDateTime], [r].[SubmittedOn], [r].[TaskId], [r].[TechnicalError], [r].[TechnicalRejectionRemarks], [r].[TechnicalStatus], [r].[TotalApproved], [r].[TotalSubmitted], [r].[TriageCategory], [r].[TriageDate], [r].[isMoh], [r].[pollResponseReceivedOn]
      FROM [RCM_Claim] AS [r]
      WHERE [r].[ClaimID] = @__ToInt64_0
info: Microsoft.EntityFrameworkCore.Database.Command[20101]
      Executed DbCommand (49ms) [Parameters=[@__claimRequest_ClaimId_0='?' (DbType = Int64), @__claimRequest_OrganizationId_1='?' (DbType = Int32)], CommandType='Text', CommandTimeout='30']
      SELECT TOP(1) [r].[Id], [r].[ClaimBundleId], [r].[ClaimId], [r].[ClaimIdentifier], [r].[CreatedBy], [r].[CreatedOn], [r].[CriteriaType], [r].[OrganizationID], [r].[PreviousClaimIdentifier], [r].[PrevoiusClaimBundleId], [r].[ProcessId], [r].[rowversion], [r].[SequenceNumber]
      FROM [RCM_ClaimNphiesPostTrail] AS [r]
      WHERE ([r].[ClaimId] = @__claimRequest_ClaimId_0) AND ([r].[OrganizationID] = @__claimRequest_OrganizationId_1)
      ORDER BY [r].[Id] DESC
info: Microsoft.EntityFrameworkCore.Database.Command[20101]
      Executed DbCommand (44ms) [Parameters=[@p0='?' (Size = 255), @p1='?' (DbType = Int64), @p2='?' (Size = 255), @p3='?' (DbType = Int32), @p4='?' (DbType = DateTime), @p5='?' (DbType = Int32), @p6='?' (DbType = Int32), @p7='?' (Size = 255), @p8='?' (Size = 255), @p9='?' (DbType = Int64), @p10='?' (DbType = Int32)], CommandType='Text', CommandTimeout='30']
      SET NOCOUNT ON;
      INSERT INTO [RCM_ClaimNphiesPostTrail] ([ClaimBundleId], [ClaimId], [ClaimIdentifier], [CreatedBy], [CreatedOn], [CriteriaType], [OrganizationID], [PreviousClaimIdentifier], [PrevoiusClaimBundleId], [ProcessId], [SequenceNumber])
      VALUES (@p0, @p1, @p2, @p3, @p4, @p5, @p6, @p7, @p8, @p9, @p10);
      SELECT [Id], [rowversion]
      FROM [RCM_ClaimNphiesPostTrail]
      WHERE @@ROWCOUNT = 1 AND [Id] = scope_identity();
info: Microsoft.AspNetCore.Mvc.Infrastructure.ObjectResultExecutor[1]
      Executing ObjectResult, writing value of type 'System.Boolean'.
info: Microsoft.AspNetCore.Mvc.Infrastructure.ControllerActionInvoker[2]
      Executed action Nphies.Core.Controllers.IntegrationController.UpdateClaimStatus (Nphies.Core) in 687.6949ms
info: Microsoft.AspNetCore.Routing.EndpointMiddleware[1]
      Executed endpoint 'Nphies.Core.Controllers.IntegrationController.UpdateClaimStatus (Nphies.Core)'
info: Microsoft.AspNetCore.Hosting.Diagnostics[2]
      Request finished HTTP/1.1 POST https://localhost:44350/api/Integration/UpdateResponse application/json;+charset=utf-8 6206 - 200 - application/json;+charset=utf-8 701.0572ms
info: Microsoft.AspNetCore.Hosting.Diagnostics[1]
      Request starting HTTP/1.1 GET https://localhost:44350/api/Integration/Claims?orginzationId=1&facilityId=3&adaptorCode=nphies-malath-1&dateFrom=10/1/2025%2012:00:00%20AM&dateTo=10/30/2025%2012:00:00%20AM&processId=20773&batchSize=1&payerId=12 - 0
info: Microsoft.AspNetCore.Routing.EndpointMiddleware[0]
      Executing endpoint 'Nphies.Core.Controllers.IntegrationController.GetClaims (Nphies.Core)'
info: Microsoft.AspNetCore.Mvc.Infrastructure.ControllerActionInvoker[3]
      Route matched with {action = "GetClaims", controller = "Integration"}. Executing controller action with signature System.Threading.Tasks.ValueTask`1[System.Collections.Generic.List`1[Nphies.Core.Models.ClaimDetail]] GetClaims(Int32, Int32, System.String, System.DateTime, System.DateTime, Int64, Int32, System.String, Boolean) on controller Nphies.Core.Controllers.IntegrationController (Nphies.Core).
info: Microsoft.EntityFrameworkCore.Infrastructure[10403]
      Entity Framework Core 6.0.9 initialized 'ZyklusCoreContext' using provider 'Microsoft.EntityFrameworkCore.SqlServer:6.0.9' with options: None
info: Microsoft.EntityFrameworkCore.Database.Command[20101]
      Executed DbCommand (48ms) [Parameters=[@__8__locals1_facilityId_0='?' (DbType = Int32)], CommandType='Text', CommandTimeout='30']
      SELECT TOP(1) [r].[ExternalCode2], [r].[ExternalCode]
      FROM [RCM_Facility] AS [r]
      WHERE [r].[FacilityID] = @__8__locals1_facilityId_0
info: Microsoft.EntityFrameworkCore.Database.Command[20101]
      Executed DbCommand (103ms) [Parameters=[@__p_6='?' (DbType = Int32), @__orginaztionId_0='?' (DbType = Int32), @__facilityId_1='?' (DbType = Int32), @__payerId_2='?' (DbType = Int32), @__processId_3='?' (DbType = Int64), @__dateFrom_Date_4='?' (DbType = DateTime), @__dateTo_Date_5='?' (DbType = DateTime)], CommandType='Text', CommandTimeout='30']
      SELECT [t].[ClaimID], [t].[OrganizationID], [t].[ApproverID], [t].[BatchBundleId], [t].[BatchIdentifier], [t].[BatchRefNo], [t].[BedNo], [t].[ClaimBundleId], [t].[ClaimIdentifier], [t].[ClaimMode], [t].[ClaimSubmisionRefrenceNo], [t].[ClaimType], [t].[ClinicID], [t].[Comments], [t].[CommunicationIdentifier], [t].[CommunicationUrl], [t].[CompanyShare], [t].[CompanyTax], [t].[CreatedBy], [t].[CreatedOn], [t].[DenialParameterCode], [t].[DenialParameterType], [t].[DischargeDateTime], [t].[DischargeDisposition], [t].[DiscountAmount], [t].[Discovery], [t].[DoctorID], [t].[DocumentReferenceNo], [t].[EligibilityCode], [t].[EmergencyArrivalCode], [t].[EmergencyDepartmentDisposition], [t].[EncounterAdmitSource], [t].[EncounterDateTime], [t].[EncounterNo], [t].[EncounterType], [t].[EpisodeId], [t].[ExternalReferenceNo], [t].[FacilityID], [t].[GrossAmount], [t].[ISPDFAttached], [t].[IntendedLenghtOfStay], [t].[InvoiceDate], [t].[IsDocumentProcessed], [t].[isErrorResolved], [t].[IsInsuranceEligible], [t].[IsMedicalReviewed], [t].[IsPendedReceived], [t].[IsProcessedByBGJob], [t].[IsReadyForSubmit], [t].[IsRefund], [t].[IsReturn], [t].[IsReviewdByRuleEngine], [t].[IsTechnicalReviewed], [t].[IsUpdatedInvoice], [t].[ItemReason], [t].[MedicalError], [t].[MedicalRejectionRemarks], [t].[MedicalStatus], [t].[ModifiedBy], [t].[ModifiedOn], [t].[NetAmount], [t].[NphiesApprovalAuthRef], [t].[NphiesApprovalIdentifier], [t].[NphiesApprovalSystem], [t].[NphiesEligibility], [t].[NphiesEligibilitySystem], [t].[NphieseRemarks], [t].[OfflineApproval], [t].[OfflineEligibility], [t].[OriginalEncounter], [t].[PatientShare], [t].[PatientTax], [t].[PayerID], [t].[PayerPolicyId], [t].[PolicyNumber], [t].[PostingStatus], [t].[PreAuthNo], [t].[ProcessId], [t].[ReSubmissionStatus], [t].[ReasonCode], [t].[RefundAmount], [t].[RejectionCount], [t].[Remarks], [t].[RemittanceLogId], [t].[ResponseBundleID], [t].[ResponseReceivedOn], [t].[ReturnAmount], [t].[RoomNo], [t].[SequenceNo], [t].[SettlementAmount], [t].[Status], [t].[StatusOld], [t].[SubStatus], [t].[SubmissionType], [t].[SubmittedBy], [t].[SubmittedDateTime], [t].[SubmittedOn], [t].[TaskId], [t].[TechnicalError], [t].[TechnicalRejectionRemarks], [t].[TechnicalStatus], [t].[TotalApproved], [t].[TotalSubmitted], [t].[TriageCategory], [t].[TriageDate], [t].[isMoh], [t].[pollResponseReceivedOn], [r0].[ClaimID], [r0].[OrganizationID], [r0].[Address1], [r0].[Address2], [r0].[CauseOfDeath], [r0].[FamilyNameN], [r0].[MaritalStatus], [r0].[ModifiedBy], [r0].[ModifiedOn], [r0].[NationalityID], [r0].[PatientDOB], [r0].[PatientFileNumber], [r0].[PatientGender], [r0].[PatientIdentificationNo], [r0].[PatientMembershipNumber], [r0].[PatientMobileNo], [r0].[PatientName], [r0].[PatientNameN], [r0].[PatientNationality], [r0].[PatientOccuption], [r0].[PatientSurnameFamilyName], [r0].[PolicyHolderName], [r0].[PolicyHolderNo], [r0].[PostalCode], [r0].[TownCity], [r0].[VisitType], [r1].[ClaimID], [r1].[OrganizationID], [r1].[BloodPressure], [r1].[BodyMassIndex], [r1].[CreatedBy], [r1].[CreatedOn], [r1].[EmergencyIndicator], [r1].[Height], [r1].[HistoryOfPresentIllness], [r1].[InvestigationResult], [r1].[LeftEyeAxisDistance], [r1].[LeftEyeAxisNear], [r1].[LeftEyeBifocal], [r1].[LeftEyeCylinderDistance], [r1].[LeftEyeCylinderNear], [r1].[LeftEyePDDistance], [r1].[LeftEyePDNear], [r1].[LeftEyePrismDistance], [r1].[LeftEyePrismNear], [r1].[LeftEyeSphereDistance], [r1].[LeftEyeSphereNear], [r1].[LeftEyeVADistance], [r1].[LeftEyeVANear], [r1].[MainSymptoms], [r1].[ModifiedBy], [r1].[ModifiedOn], [r1].[OxygenSaturation], [r1].[PatientHistory], [r1].[PhysicalExamination], [r1].[PhysicianNotesConditions], [r1].[Pulse], [r1].[Respiration], [r1].[RespiratoryRate], [r1].[RightEyeAxisDistance], [r1].[RightEyeAxisNear], [r1].[RightEyeBifocal], [r1].[RightEyeCylinderDistance], [r1].[RightEyeCylinderNear], [r1].[RightEyePDDistance], [r1].[RightEyePDNear], [r1].[RightEyePrismDistance], [r1].[RightEyePrismNear], [r1].[RightEyeSphereDistance], [r1].[RightEyeSphereNear], [r1].[RightEyeVADistance], [r1].[RightEyeVANear], [r1].[SignificantSigns], [r1].[Temperature], [r1].[TreatmentPlan], [r1].[Vertex], [r1].[VitalSignCreatedON], [r1].[Weight], [r2].[ClaimID], [r2].[OrganizationID], [r2].[DiagnosisCode], [r2].[LineitemNo], [r2].[ConditionOnset], [r2].[CreatedBy], [r2].[CreatedOn], [r2].[DiagnoisInfoCode], [r2].[DiagnoisInfoType], [r2].[DiagnosisCodeType], [r2].[DiagnosisDescription], [r2].[DiagnosisType], [r2].[IllnessTypeIndicator], [r2].[IsActive], [r2].[ISDischarge], [r2].[ModifiedBy], [r2].[ModifiedOn], [r2].[MorphologyCode], [r2].[OrderBy]
      FROM (
          SELECT TOP(@__p_6) [r].[ClaimID], [r].[OrganizationID], [r].[ApproverID], [r].[BatchBundleId], [r].[BatchIdentifier], [r].[BatchRefNo], [r].[BedNo], [r].[ClaimBundleId], [r].[ClaimIdentifier], [r].[ClaimMode], [r].[ClaimSubmisionRefrenceNo], [r].[ClaimType], [r].[ClinicID], [r].[Comments], [r].[CommunicationIdentifier], [r].[CommunicationUrl], [r].[CompanyShare], [r].[CompanyTax], [r].[CreatedBy], [r].[CreatedOn], [r].[DenialParameterCode], [r].[DenialParameterType], [r].[DischargeDateTime], [r].[DischargeDisposition], [r].[DiscountAmount], [r].[Discovery], [r].[DoctorID], [r].[DocumentReferenceNo], [r].[EligibilityCode], [r].[EmergencyArrivalCode], [r].[EmergencyDepartmentDisposition], [r].[EncounterAdmitSource], [r].[EncounterDateTime], [r].[EncounterNo], [r].[EncounterType], [r].[EpisodeId], [r].[ExternalReferenceNo], [r].[FacilityID], [r].[GrossAmount], [r].[ISPDFAttached], [r].[IntendedLenghtOfStay], [r].[InvoiceDate], [r].[IsDocumentProcessed], [r].[isErrorResolved], [r].[IsInsuranceEligible], [r].[IsMedicalReviewed], [r].[IsPendedReceived], [r].[IsProcessedByBGJob], [r].[IsReadyForSubmit], [r].[IsRefund], [r].[IsReturn], [r].[IsReviewdByRuleEngine], [r].[IsTechnicalReviewed], [r].[IsUpdatedInvoice], [r].[ItemReason], [r].[MedicalError], [r].[MedicalRejectionRemarks], [r].[MedicalStatus], [r].[ModifiedBy], [r].[ModifiedOn], [r].[NetAmount], [r].[NphiesApprovalAuthRef], [r].[NphiesApprovalIdentifier], [r].[NphiesApprovalSystem], [r].[NphiesEligibility], [r].[NphiesEligibilitySystem], [r].[NphieseRemarks], [r].[OfflineApproval], [r].[OfflineEligibility], [r].[OriginalEncounter], [r].[PatientShare], [r].[PatientTax], [r].[PayerID], [r].[PayerPolicyId], [r].[PolicyNumber], [r].[PostingStatus], [r].[PreAuthNo], [r].[ProcessId], [r].[ReSubmissionStatus], [r].[ReasonCode], [r].[RefundAmount], [r].[RejectionCount], [r].[Remarks], [r].[RemittanceLogId], [r].[ResponseBundleID], [r].[ResponseReceivedOn], [r].[ReturnAmount], [r].[RoomNo], [r].[SequenceNo], [r].[SettlementAmount], [r].[Status], [r].[StatusOld], [r].[SubStatus], [r].[SubmissionType], [r].[SubmittedBy], [r].[SubmittedDateTime], [r].[SubmittedOn], [r].[TaskId], [r].[TechnicalError], [r].[TechnicalRejectionRemarks], [r].[TechnicalStatus], [r].[TotalApproved], [r].[TotalSubmitted], [r].[TriageCategory], [r].[TriageDate], [r].[isMoh], [r].[pollResponseReceivedOn]
          FROM [RCM_Claim] AS [r]
          WHERE (((((([r].[OrganizationID] = @__orginaztionId_0) AND ([r].[FacilityID] = @__facilityId_1)) AND ([r].[PayerID] = @__payerId_2)) AND ([r].[Status] = CAST(103 AS tinyint))) AND ([r].[ProcessId] = @__processId_3)) AND (CONVERT(date, [r].[InvoiceDate]) >= @__dateFrom_Date_4)) AND (CONVERT(date, [r].[InvoiceDate]) <= @__dateTo_Date_5)
      ) AS [t]
      LEFT JOIN [RCM_ClaimPatientDetail] AS [r0] ON ([t].[ClaimID] = [r0].[ClaimID]) AND ([t].[OrganizationID] = [r0].[OrganizationID])
      LEFT JOIN [RCM_ClaimVitalSigns] AS [r1] ON ([t].[ClaimID] = [r1].[ClaimID]) AND ([t].[OrganizationID] = [r1].[OrganizationID])
      LEFT JOIN [RCM_ClaimDiagnosis] AS [r2] ON ([t].[ClaimID] = [r2].[ClaimID]) AND ([t].[OrganizationID] = [r2].[OrganizationID])
      ORDER BY [t].[ClaimID] DESC, [t].[OrganizationID], [r0].[ClaimID], [r0].[OrganizationID], [r1].[ClaimID], [r1].[OrganizationID], [r2].[ClaimID], [r2].[OrganizationID], [r2].[DiagnosisCode]
info: Microsoft.EntityFrameworkCore.Database.Command[20101]
      Executed DbCommand (60ms) [Parameters=[@__item_ClaimId_0='?' (DbType = Int64)], CommandType='Text', CommandTimeout='30']
      SELECT [r].[ServiceID], [r].[ClaimID], [r].[OrganizationID], [r].[LineitemNo], [r].[ActivityEncounterType], [r].[ApprovalNo], [r].[ApprovalNoOld], [r].[ApprovedAmount], [r].[ApprovedQuantity], [r].[BenefitAmount], [r].[ClaimIdentifier], [r].[ClassId], [r].[CompanyTax], [r].[CompanyTaxPct], [r].[CreatedOn], [r].[DaysSupplies], [r].[DenialParameterCode], [r].[DenialParameterType], [r].[EditedBy], [r].[EditedOn], [r].[EncounterEndType], [r].[EncounterStartType], [r].[HasChild], [r].[InvoiceDate], [r].[IsDeleted], [r].[IsPackage], [r].[IsPartOfPackageInvoice], [r].[IsPerformed], [r].[IsRefund], [r].[IsReturn], [r].[ItemReason], [r].[MOHServiceCode], [r].[MOHServiceCodeDescription], [r].[NphiesCodeType], [r].[NphiesSeqNo], [r].[NphiesStatus], [r].[NphieseRemarks], [r].[ObservationRemarks], [r].[ParentInvoiceNo], [r].[ParentServiceCode], [r].[ParentServiceId], [r].[PatientTax], [r].[PatientTaxPct], [r].[ProcessId], [r].[ReSubmissionStatus], [r].[ReasonCode], [r].[RefundAmount], [r].[RejectionDate], [r].[RejectionReasonId], [r].[RejectionReasonIdByReviewer], [r].[Remarks], [r].[RemittanceStatus], [r].[ResponseReceivedOn], [r].[ReturnAmount], [r].[ROW_ID], [r].[ServiceCode], [r].[ServiceCompanyShare], [r].[ServiceDiscountAmount], [r].[ServiceDiscountPct], [r].[ServiceEndDateTime], [r].[ServiceGrossAmount], [r].[ServiceNetAmount], [r].[ServicePatientShare], [r].[ServicePatientSharePct], [r].[ServiceQuantity], [r].[ServiceReferenceIdentity], [r].[ServiceReferenceNumber], [r].[ServiceStartDateTime], [r].[ServiceType], [r].[ServiceTypeIndicator], [r].[SettlementAmount], [r].[StandardCode], [r].[StandardCode2], [r].[Status], [r].[SubmittedAmount], [r].[SubmittedQuantity], [r].[TaxApproved], [r].[ToothNo], [r0].[ServiceType], [r0].[ServiceID], [r0].[CreatedBy], [r0].[CreatedOn], [r0].[ExternalCode], [r0].[FacilityGroupID], [r0].[Gender], [r0].[IsActive], [r0].[IsAutoAccepted], [r0].[IsDiscountAllowed], [r0].[IsPackage], [r0].[ModifiedBy], [r0].[ModifiedOn], [r0].[NphiesCodeSystem], [r0].[OrganizationID], [r0].[ServiceCatalogCode], [r0].[ServiceCatalogName], [r0].[ServiceCatalogNameN], [r0].[ServiceCategoryID], [r0].[ServiceGroupID], [r0].[ServiceSubGroupID], [r0].[TaxRate], [r0].[TaxType], CASE
          WHEN ([r].[MOHServiceCode] IS NOT NULL) AND ([r].[MOHServiceCode] <> N'') THEN CAST(1 AS bit)
          ELSE CAST(0 AS bit)
      END
      FROM [RCM_ClaimServicesDetail] AS [r]
      INNER JOIN [RCM_ServiceCatalog] AS [r0] ON [r].[ServiceID] = [r0].[ServiceID]
      WHERE ((((([r].[ClaimID] = @__item_ClaimId_0) AND (([r].[IsDeleted] <> CAST(1 AS bit)) OR ([r].[IsDeleted] IS NULL))) AND (([r].[IsRefund] <> CAST(1 AS bit)) OR ([r].[IsRefund] IS NULL))) AND (([r].[IsReturn] <> CAST(1 AS bit)) OR ([r].[IsReturn] IS NULL))) AND (([r].[ServiceCode] <> '05005009') OR ([r].[ServiceCode] IS NULL))) AND (([r].[ServiceCompanyShare] > 0.0) OR ([r].[ServiceCode] = '01002007'))
[13:12:26 INF] Retrived Claim Id # 70132
info: Microsoft.EntityFrameworkCore.Database.Command[20101]
      Executed DbCommand (47ms) [Parameters=[@__serviceId_0='?' (DbType = Int64)], CommandType='Text', CommandTimeout='30']
      SELECT TOP(1) [r].[ServiceCatalogName]
      FROM [RCM_ServiceCatalog] AS [r]
      WHERE [r].[ServiceID] = @__serviceId_0
info: Microsoft.EntityFrameworkCore.Database.Command[20101]
      Executed DbCommand (52ms) [Parameters=[@__claimId_0='?' (DbType = Int64)], CommandType='Text', CommandTimeout='30']
      SELECT COUNT(*)
      FROM [RCM_ClaimNphiesPostTrail] AS [r]
      WHERE [r].[ClaimId] = @__claimId_0
info: Microsoft.EntityFrameworkCore.Database.Command[20101]
      Executed DbCommand (56ms) [Parameters=[@__8__locals1_organizationId_0='?' (DbType = Int32)], CommandType='Text', CommandTimeout='30']
      SELECT TOP(1) [r].[PayerID], [r].[OrganizationID], [r].[Address], [r].[CardFormat], [r].[CityId], [r].[ClaimType], [r].[CompanyURL], [r].[ContactMobile], [r].[ContactPerson], [r].[ContactPersonEmail], [r].[CountryId], [r].[CreatedBy], [r].[CreatedOn], [r].[EmailAddress], [r].[ExternalCode], [r].[Fax], [r].[IsActive], [r].[IsManagedByTPA], [r].[IsNphiesEnable], [r].[IsReferral], [r].[IsTPA], [r].[ModifiedBy], [r].[ModifiedOn], [r].[NphiesLicenseNo], [r].[PayerName], [r].[PayerNameN], [r].[PayerType], [r].[PhoneOffice1], [r].[PhoneOffice2], [r].[POBox], [r].[Shadowbillingenable], [r].[StateID], [r].[TaxRegistrationNo], [r].[Taxable], [r].[ZipCode]
      FROM [RCM_Payer] AS [r]
      WHERE ([r].[OrganizationID] = @__8__locals1_organizationId_0) AND ([r].[PayerID] = 12)
info: Microsoft.EntityFrameworkCore.Database.Command[20101]
      Executed DbCommand (46ms) [Parameters=[@__icdCode_0='?' (Size = 150) (DbType = AnsiString)], CommandType='Text', CommandTimeout='30']
      SELECT TOP(1) [r].[DiagnosisCode], [r].[DiagnosisDescription], [r].[DiagnosisId], [r].[IsMorphology], [r].[IsRTADiagnosis]
      FROM [RCM_Diagnosis] AS [r]
      WHERE LTRIM(RTRIM([r].[DiagnosisCode])) = @__icdCode_0
info: Microsoft.AspNetCore.Hosting.Diagnostics[1]
      Request starting HTTP/2 GET https://localhost:44350/swagger/index.html - -
info: Microsoft.AspNetCore.Hosting.Diagnostics[2]
      Request finished HTTP/2 GET https://localhost:44350/swagger/index.html - - - 200 - text/html;charset=utf-8 40.3281ms
info: Microsoft.AspNetCore.Hosting.Diagnostics[1]
      Request starting HTTP/2 GET https://localhost:44350/_vs/browserLink - -
info: Microsoft.AspNetCore.Hosting.Diagnostics[1]
      Request starting HTTP/2 GET https://localhost:44350/_framework/aspnetcore-browser-refresh.js - -
info: Microsoft.AspNetCore.Hosting.Diagnostics[2]
      Request finished HTTP/2 GET https://localhost:44350/_framework/aspnetcore-browser-refresh.js - - - 200 12354 application/javascript;+charset=utf-8 5.5158ms
info: Microsoft.AspNetCore.Hosting.Diagnostics[2]
      Request finished HTTP/2 GET https://localhost:44350/_vs/browserLink - - - 200 - text/javascript;+charset=UTF-8 35.1327ms
info: Microsoft.AspNetCore.Hosting.Diagnostics[1]
      Request starting HTTP/2 GET https://localhost:44350/swagger/v1/swagger.json - -
info: Microsoft.EntityFrameworkCore.Database.Command[20101]
      Executed DbCommand (322ms) [Parameters=[@__claim_PayerId_0='?' (DbType = Int32)], CommandType='Text', CommandTimeout='30']
      SELECT TOP(1) [r].[PayerID], [r].[OrganizationID], [r].[Address], [r].[CardFormat], [r].[CityId], [r].[ClaimType], [r].[CompanyURL], [r].[ContactMobile], [r].[ContactPerson], [r].[ContactPersonEmail], [r].[CountryId], [r].[CreatedBy], [r].[CreatedOn], [r].[EmailAddress], [r].[ExternalCode], [r].[Fax], [r].[IsActive], [r].[IsManagedByTPA], [r].[IsNphiesEnable], [r].[IsReferral], [r].[IsTPA], [r].[ModifiedBy], [r].[ModifiedOn], [r].[NphiesLicenseNo], [r].[PayerName], [r].[PayerNameN], [r].[PayerType], [r].[PhoneOffice1], [r].[PhoneOffice2], [r].[POBox], [r].[Shadowbillingenable], [r].[StateID], [r].[TaxRegistrationNo], [r].[Taxable], [r].[ZipCode]
      FROM [RCM_Payer] AS [r]
      WHERE [r].[PayerID] = @__claim_PayerId_0
info: Microsoft.AspNetCore.Hosting.Diagnostics[2]
      Request finished HTTP/2 GET https://localhost:44350/swagger/v1/swagger.json - - - 200 - application/json;charset=utf-8 67.4113ms
info: Microsoft.EntityFrameworkCore.Database.Command[20101]
      Executed DbCommand (43ms) [Parameters=[@__claim_PayerId_0='?' (DbType = Int32)], CommandType='Text', CommandTimeout='30']
      SELECT TOP(1) [r].[PayerID], [r].[OrganizationID], [r].[Address], [r].[CardFormat], [r].[CityId], [r].[ClaimType], [r].[CompanyURL], [r].[ContactMobile], [r].[ContactPerson], [r].[ContactPersonEmail], [r].[CountryId], [r].[CreatedBy], [r].[CreatedOn], [r].[EmailAddress], [r].[ExternalCode], [r].[Fax], [r].[IsActive], [r].[IsManagedByTPA], [r].[IsNphiesEnable], [r].[IsReferral], [r].[IsTPA], [r].[ModifiedBy], [r].[ModifiedOn], [r].[NphiesLicenseNo], [r].[PayerName], [r].[PayerNameN], [r].[PayerType], [r].[PhoneOffice1], [r].[PhoneOffice2], [r].[POBox], [r].[Shadowbillingenable], [r].[StateID], [r].[TaxRegistrationNo], [r].[Taxable], [r].[ZipCode]
      FROM [RCM_Payer] AS [r]
      WHERE [r].[PayerID] = @__claim_PayerId_0
info: Microsoft.EntityFrameworkCore.Database.Command[20101]
      Executed DbCommand (43ms) [Parameters=[@__8__locals1_adaptorCode_0='?' (Size = 100) (DbType = AnsiString), @__8__locals1_payerEntity_OrganizationId_1='?' (DbType = Int32)], CommandType='Text', CommandTimeout='30']
      SELECT TOP(1) [r].[AdapterID], [r].[AdapterName], [r].[AdapterTypeId], [r].[AdaptorCode], [r].[CreatedBy], [r].[CreatedOn], [r].[FileType], [r].[IsActive], [r].[OrganizationID]
      FROM [RCM_Adapter] AS [r]
      WHERE ([r].[AdaptorCode] = @__8__locals1_adaptorCode_0) AND ([r].[OrganizationID] = @__8__locals1_payerEntity_OrganizationId_1)
info: Microsoft.EntityFrameworkCore.Database.Command[20101]
      Executed DbCommand (49ms) [Parameters=[@__ToString_0='?' (Size = 50) (DbType = AnsiString), @__adapter_AdapterId_1='?' (DbType = Int32)], CommandType='Text', CommandTimeout='30']
      SELECT TOP(1) [r].[AdapterMappingID], [r].[AdapterID], [r].[CreatedBy], [r].[CreatedOn], [r].[IsActive], [r].[ModifiedBy], [r].[ModifiedOn], [r].[ParameterMasterID], [r].[ParameterType], [r].[ParameterValue]
      FROM [RCM_AdapterMapping] AS [r]
      WHERE (([r].[ParameterType] = @__ToString_0) AND ([r].[ParameterMasterID] = 2)) AND ([r].[AdapterID] = @__adapter_AdapterId_1)
info: Microsoft.EntityFrameworkCore.Database.Command[20101]
      Executed DbCommand (63ms) [Parameters=[@__claim_PayerId_0='?' (DbType = Int32), @__claim_PayerPolicyId_1='?' (DbType = Int32)], CommandType='Text', CommandTimeout='30']
      SELECT TOP(1) [r].[PayerPolicyID], [r].[OrganizationID], [r].[PayerID], [r].[CreatedBy], [r].[CreatedOn], [r].[ExternalCode], [r].[InsuranceNhic], [r].[IsActive], [r].[IsNphiesEnable], [r].[ModifiedBy], [r].[ModifiedOn], [r].[PayerPolicyExpiryDate], [r].[PayerPolicyName], [r].[PayerPolicyNameN], [r].[PayerPolicyNo], [r].[Remarks]
      FROM [RCM_PayerPolicy] AS [r]
      WHERE (([r].[PayerID] = @__claim_PayerId_0) AND ([r].[PayerPolicyID] = @__claim_PayerPolicyId_1)) AND ([r].[IsActive] = CAST(1 AS bit))
info: Microsoft.EntityFrameworkCore.Database.Command[20101]
      Executed DbCommand (45ms) [Parameters=[@__8__locals1_adaptorCode_0='?' (Size = 100) (DbType = AnsiString), @__8__locals1_facilityEntity_OrganizationId_1='?' (DbType = Int32)], CommandType='Text', CommandTimeout='30']
      SELECT TOP(1) [r].[AdapterID], [r].[AdapterName], [r].[AdapterTypeId], [r].[AdaptorCode], [r].[CreatedBy], [r].[CreatedOn], [r].[FileType], [r].[IsActive], [r].[OrganizationID]
      FROM [RCM_Adapter] AS [r]
      WHERE ([r].[AdaptorCode] = @__8__locals1_adaptorCode_0) AND ([r].[OrganizationID] = @__8__locals1_facilityEntity_OrganizationId_1)
info: Microsoft.EntityFrameworkCore.Database.Command[20101]
      Executed DbCommand (45ms) [Parameters=[@__ToString_0='?' (Size = 50) (DbType = AnsiString), @__adapter_AdapterId_1='?' (DbType = Int32)], CommandType='Text', CommandTimeout='30']
      SELECT TOP(1) [r].[AdapterMappingID], [r].[AdapterID], [r].[CreatedBy], [r].[CreatedOn], [r].[IsActive], [r].[ModifiedBy], [r].[ModifiedOn], [r].[ParameterMasterID], [r].[ParameterType], [r].[ParameterValue]
      FROM [RCM_AdapterMapping] AS [r]
      WHERE (([r].[ParameterType] = @__ToString_0) AND ([r].[ParameterMasterID] = 1)) AND ([r].[AdapterID] = @__adapter_AdapterId_1)
info: Microsoft.EntityFrameworkCore.Database.Command[20101]
      Executed DbCommand (45ms) [Parameters=[@__organizationId_0='?' (DbType = Int32), @__claimId_1='?' (DbType = Int64)], CommandType='Text', CommandTimeout='30']
      SELECT TOP(1) [r].[DischargeDisposition]
      FROM [RCM_DischargeSummary] AS [r]
      WHERE ([r].[OrganizationID] = @__organizationId_0) AND ([r].[ClaimID] = @__claimId_1)
info: Microsoft.EntityFrameworkCore.Database.Command[20101]
      Executed DbCommand (49ms) [Parameters=[@__organizationId_0='?' (DbType = Int32), @__facilityId_1='?' (DbType = Int32), @__doctorId_2='?' (DbType = Int32)], CommandType='Text', CommandTimeout='30']
      SELECT [r].[DoctorID], [r].[OrganizationID], [r].[FacilityGroupID], [r].[FacilityID], [r].[Address], [r].[CityID], [r].[CountryID], [r].[CreatedBy], [r].[CreatedOn], [r].[DateofBirth], [r].[DateofJoining], [r].[DoctorName], [r].[DoctorNameN], [r].[EmailExternal], [r].[EmailInternal], [r].[EmploymentType], [r].[ExternalCode], [r].[FaxNo], [r].[Gender], [r].[IsActive], [r].[MaritalStatus], [r].[MobileNumber], [r].[ModifiedBy], [r].[ModifiedOn], [r].[NationalityID], [r].[PhoneResidence], [r].[Remarks], [r].[StateID], [r].[ZipCode], [r0].[LicenseID], [r0].[DoctorID], [r0].[OrganizationID], [r0].[FacilityGroupID], [r0].[FacilityID], [r0].[CreatedBy], [r0].[CreatedOn], [r0].[DoctorLogin], [r0].[DoctorPwd], [r0].[IsActive], [r0].[LicenseExpiryDate], [r0].[LicenseNumber], [r0].[LicenseType], [r0].[ModifiedBy], [r0].[ModifiedOn]
      FROM [RCM_Doctor] AS [r]
      LEFT JOIN [RCM_DoctorLicenses] AS [r0] ON ((([r].[DoctorID] = [r0].[DoctorID]) AND ([r].[OrganizationID] = [r0].[OrganizationID])) AND ([r].[FacilityGroupID] = [r0].[FacilityGroupID])) AND ([r].[FacilityID] = [r0].[FacilityID])
      WHERE (([r].[OrganizationID] = @__organizationId_0) AND ([r].[FacilityID] = @__facilityId_1)) AND ([r].[DoctorID] = @__doctorId_2)
      ORDER BY [r].[DoctorID], [r].[OrganizationID], [r].[FacilityGroupID], [r].[FacilityID], [r0].[LicenseID], [r0].[DoctorID], [r0].[OrganizationID], [r0].[FacilityGroupID]
info: Microsoft.EntityFrameworkCore.Database.Command[20101]
      Executed DbCommand (45ms) [Parameters=[@__claim_PayerId_0='?' (DbType = Int32)], CommandType='Text', CommandTimeout='30']
      SELECT TOP(1) [r].[PayerID], [r].[OrganizationID], [r].[Address], [r].[CardFormat], [r].[CityId], [r].[ClaimType], [r].[CompanyURL], [r].[ContactMobile], [r].[ContactPerson], [r].[ContactPersonEmail], [r].[CountryId], [r].[CreatedBy], [r].[CreatedOn], [r].[EmailAddress], [r].[ExternalCode], [r].[Fax], [r].[IsActive], [r].[IsManagedByTPA], [r].[IsNphiesEnable], [r].[IsReferral], [r].[IsTPA], [r].[ModifiedBy], [r].[ModifiedOn], [r].[NphiesLicenseNo], [r].[PayerName], [r].[PayerNameN], [r].[PayerType], [r].[PhoneOffice1], [r].[PhoneOffice2], [r].[POBox], [r].[Shadowbillingenable], [r].[StateID], [r].[TaxRegistrationNo], [r].[Taxable], [r].[ZipCode]
      FROM [RCM_Payer] AS [r]
      WHERE [r].[PayerID] = @__claim_PayerId_0
info: Microsoft.EntityFrameworkCore.Database.Command[20101]
      Executed DbCommand (89ms) [Parameters=[@__organizationId_0='?' (DbType = Int32), @__claimId_1='?' (DbType = Int64)], CommandType='Text', CommandTimeout='30']
      SELECT TOP(1) [r].[DischargeDisposition], [r].[ClinicID] AS [ClinicId], [r].[DoctorID] AS [DoctorId]
      FROM [RCM_DischargeSummary] AS [r]
      WHERE ([r].[OrganizationID] = @__organizationId_0) AND ([r].[ClaimID] = @__claimId_1)
info: Microsoft.EntityFrameworkCore.Database.Command[20101]
      Executed DbCommand (48ms) [Parameters=[@__claimId_0='?' (DbType = Int64)], CommandType='Text', CommandTimeout='30']
      SELECT CONVERT(bigint, [r].[DocumentId])
      FROM [RCM_Attachment] AS [r]
      WHERE (((([r].[TransactionID] = @__claimId_0) AND ([r].[IsActive] IS NOT NULL)) AND ([r].[IsActive] = CAST(1 AS bit))) AND ([r].[IncludeSubmission] IS NOT NULL)) AND ([r].[IncludeSubmission] = CAST(1 AS bit))
info: Microsoft.AspNetCore.Mvc.Infrastructure.ObjectResultExecutor[1]
      Executing ObjectResult, writing value of type 'System.Collections.Generic.List`1[[Nphies.Core.Models.ClaimDetail, Nphies.Core, Version=1.0.0.0, Culture=neutral, PublicKeyToken=null]]'.
info: Microsoft.AspNetCore.Mvc.Infrastructure.ControllerActionInvoker[2]
      Executed action Nphies.Core.Controllers.IntegrationController.GetClaims (Nphies.Core) in 8757.7009ms
info: Microsoft.AspNetCore.Routing.EndpointMiddleware[1]
      Executed endpoint 'Nphies.Core.Controllers.IntegrationController.GetClaims (Nphies.Core)'
info: Microsoft.AspNetCore.Hosting.Diagnostics[2]
      Request finished HTTP/1.1 GET https://localhost:44350/api/Integration/Claims?orginzationId=1&facilityId=3&adaptorCode=nphies-malath-1&dateFrom=10/1/2025%2012:00:00%20AM&dateTo=10/30/2025%2012:00:00%20AM&processId=20773&batchSize=1&payerId=12 - 0 - 200 - application/json;+charset=utf-8 8774.8914ms
info: Microsoft.AspNetCore.Hosting.Diagnostics[1]
      Request starting HTTP/1.1 POST https://localhost:44350/api/Integration/UpdateResponse application/json;+charset=utf-8 6222
info: Microsoft.AspNetCore.Routing.EndpointMiddleware[0]
      Executing endpoint 'Nphies.Core.Controllers.IntegrationController.UpdateClaimStatus (Nphies.Core)'
info: Microsoft.AspNetCore.Mvc.Infrastructure.ControllerActionInvoker[3]
      Route matched with {action = "UpdateClaimStatus", controller = "Integration"}. Executing controller action with signature System.Threading.Tasks.ValueTask`1[System.Boolean] UpdateClaimStatus(Nphies.Core.Models.ClaimResponseRequest) on controller Nphies.Core.Controllers.IntegrationController (Nphies.Core).
info: Microsoft.EntityFrameworkCore.Infrastructure[10403]
      Entity Framework Core 6.0.9 initialized 'ZyklusCoreContext' using provider 'Microsoft.EntityFrameworkCore.SqlServer:6.0.9' with options: None
info: Microsoft.EntityFrameworkCore.Database.Command[20101]
      Executed DbCommand (49ms) [Parameters=[@__claimId_0='?' (DbType = Int64)], CommandType='Text', CommandTimeout='30']
      SELECT TOP(1) [r].[ClaimID], [r].[OrganizationID], [r].[ApproverID], [r].[BatchBundleId], [r].[BatchIdentifier], [r].[BatchRefNo], [r].[BedNo], [r].[ClaimBundleId], [r].[ClaimIdentifier], [r].[ClaimMode], [r].[ClaimSubmisionRefrenceNo], [r].[ClaimType], [r].[ClinicID], [r].[Comments], [r].[CommunicationIdentifier], [r].[CommunicationUrl], [r].[CompanyShare], [r].[CompanyTax], [r].[CreatedBy], [r].[CreatedOn], [r].[DenialParameterCode], [r].[DenialParameterType], [r].[DischargeDateTime], [r].[DischargeDisposition], [r].[DiscountAmount], [r].[Discovery], [r].[DoctorID], [r].[DocumentReferenceNo], [r].[EligibilityCode], [r].[EmergencyArrivalCode], [r].[EmergencyDepartmentDisposition], [r].[EncounterAdmitSource], [r].[EncounterDateTime], [r].[EncounterNo], [r].[EncounterType], [r].[EpisodeId], [r].[ExternalReferenceNo], [r].[FacilityID], [r].[GrossAmount], [r].[ISPDFAttached], [r].[IntendedLenghtOfStay], [r].[InvoiceDate], [r].[IsDocumentProcessed], [r].[isErrorResolved], [r].[IsInsuranceEligible], [r].[IsMedicalReviewed], [r].[IsPendedReceived], [r].[IsProcessedByBGJob], [r].[IsReadyForSubmit], [r].[IsRefund], [r].[IsReturn], [r].[IsReviewdByRuleEngine], [r].[IsTechnicalReviewed], [r].[IsUpdatedInvoice], [r].[ItemReason], [r].[MedicalError], [r].[MedicalRejectionRemarks], [r].[MedicalStatus], [r].[ModifiedBy], [r].[ModifiedOn], [r].[NetAmount], [r].[NphiesApprovalAuthRef], [r].[NphiesApprovalIdentifier], [r].[NphiesApprovalSystem], [r].[NphiesEligibility], [r].[NphiesEligibilitySystem], [r].[NphieseRemarks], [r].[OfflineApproval], [r].[OfflineEligibility], [r].[OriginalEncounter], [r].[PatientShare], [r].[PatientTax], [r].[PayerID], [r].[PayerPolicyId], [r].[PolicyNumber], [r].[PostingStatus], [r].[PreAuthNo], [r].[ProcessId], [r].[ReSubmissionStatus], [r].[ReasonCode], [r].[RefundAmount], [r].[RejectionCount], [r].[Remarks], [r].[RemittanceLogId], [r].[ResponseBundleID], [r].[ResponseReceivedOn], [r].[ReturnAmount], [r].[RoomNo], [r].[SequenceNo], [r].[SettlementAmount], [r].[Status], [r].[StatusOld], [r].[SubStatus], [r].[SubmissionType], [r].[SubmittedBy], [r].[SubmittedDateTime], [r].[SubmittedOn], [r].[TaskId], [r].[TechnicalError], [r].[TechnicalRejectionRemarks], [r].[TechnicalStatus], [r].[TotalApproved], [r].[TotalSubmitted], [r].[TriageCategory], [r].[TriageDate], [r].[isMoh], [r].[pollResponseReceivedOn]
      FROM [RCM_Claim] AS [r]
      WHERE [r].[ClaimID] = @__claimId_0
info: Microsoft.EntityFrameworkCore.Database.Command[20101]
      Executed DbCommand (132ms) [Parameters=[], CommandType='Text', CommandTimeout='30']
      SELECT [r].[ClaimID], [r].[OrganizationID], [r].[ServiceID], [r].[LineitemNo], [r].[ActivityEncounterType], [r].[ApprovalNo], [r].[ApprovalNoOld], [r].[ApprovedAmount], [r].[ApprovedQuantity], [r].[BenefitAmount], [r].[ClaimIdentifier], [r].[ClassId], [r].[CompanyTax], [r].[CompanyTaxPct], [r].[CreatedOn], [r].[DaysSupplies], [r].[DenialParameterCode], [r].[DenialParameterType], [r].[EditedBy], [r].[EditedOn], [r].[EncounterEndType], [r].[EncounterStartType], [r].[HasChild], [r].[InvoiceDate], [r].[IsDeleted], [r].[IsPackage], [r].[IsPartOfPackageInvoice], [r].[IsPerformed], [r].[IsRefund], [r].[IsReturn], [r].[ItemReason], [r].[MOHServiceCode], [r].[MOHServiceCodeDescription], [r].[NphiesCodeType], [r].[NphiesSeqNo], [r].[NphiesStatus], [r].[NphieseRemarks], [r].[ObservationRemarks], [r].[ParentInvoiceNo], [r].[ParentServiceCode], [r].[ParentServiceId], [r].[PatientTax], [r].[PatientTaxPct], [r].[ProcessId], [r].[ReSubmissionStatus], [r].[ReasonCode], [r].[RefundAmount], [r].[RejectionDate], [r].[RejectionReasonId], [r].[RejectionReasonIdByReviewer], [r].[Remarks], [r].[RemittanceStatus], [r].[ResponseReceivedOn], [r].[ReturnAmount], [r].[ROW_ID], [r].[ServiceCode], [r].[ServiceCompanyShare], [r].[ServiceDiscountAmount], [r].[ServiceDiscountPct], [r].[ServiceEndDateTime], [r].[ServiceGrossAmount], [r].[ServiceNetAmount], [r].[ServicePatientShare], [r].[ServicePatientSharePct], [r].[ServiceQuantity], [r].[ServiceReferenceIdentity], [r].[ServiceReferenceNumber], [r].[ServiceStartDateTime], [r].[ServiceType], [r].[ServiceTypeIndicator], [r].[SettlementAmount], [r].[StandardCode], [r].[StandardCode2], [r].[Status], [r].[SubmittedAmount], [r].[SubmittedQuantity], [r].[TaxApproved], [r].[ToothNo]
      FROM [RCM_ClaimServicesDetail] AS [r]
      WHERE ((([r].[ROW_ID] = 120688) AND (([r].[IsDeleted] = CAST(0 AS bit)) OR ([r].[IsDeleted] IS NULL))) AND (([r].[IsRefund] = CAST(0 AS bit)) OR ([r].[IsRefund] IS NULL))) AND (([r].[IsReturn] = CAST(0 AS bit)) OR ([r].[IsReturn] IS NULL))
info: Microsoft.EntityFrameworkCore.Database.Command[20101]
      Executed DbCommand (44ms) [Parameters=[@p4='?' (DbType = Int64), @p5='?' (DbType = Int32), @p0='?' (Size = 100) (DbType = AnsiString), @p1='?' (Size = 200) (DbType = AnsiString), @p2='?' (Size = 100) (DbType = AnsiString), @p3='?' (Size = 100) (DbType = AnsiString)], CommandType='Text', CommandTimeout='30']
      SET NOCOUNT ON;
      UPDATE [RCM_Claim] SET [BatchBundleId] = @p0, [BatchIdentifier] = @p1, [ClaimBundleId] = @p2, [ClaimIdentifier] = @p3
      WHERE [ClaimID] = @p4 AND [OrganizationID] = @p5;
      SELECT @@ROWCOUNT;
info: Microsoft.EntityFrameworkCore.Database.Command[20101]
      Executed DbCommand (46ms) [Parameters=[@p1='?' (DbType = Int64), @p2='?' (DbType = Int16), @p3='?' (DbType = Int32), @p4='?' (DbType = Int64), @p0='?' (Size = 100) (DbType = AnsiString)], CommandType='Text', CommandTimeout='30']
      SET NOCOUNT ON;
      UPDATE [RCM_ClaimServicesDetail] SET [ClaimIdentifier] = @p0
      WHERE [ClaimID] = @p1 AND [LineitemNo] = @p2 AND [OrganizationID] = @p3 AND [ServiceID] = @p4;
      SELECT @@ROWCOUNT;
info: Microsoft.AspNetCore.Mvc.Infrastructure.ObjectResultExecutor[1]
      Executing ObjectResult, writing value of type 'System.Boolean'.
info: Microsoft.AspNetCore.Mvc.Infrastructure.ControllerActionInvoker[2]
      Executed action Nphies.Core.Controllers.IntegrationController.UpdateClaimStatus (Nphies.Core) in 679.4696ms
info: Microsoft.AspNetCore.Routing.EndpointMiddleware[1]
      Executed endpoint 'Nphies.Core.Controllers.IntegrationController.UpdateClaimStatus (Nphies.Core)'
info: Microsoft.AspNetCore.Hosting.Diagnostics[2]
      Request finished HTTP/1.1 POST https://localhost:44350/api/Integration/UpdateResponse application/json;+charset=utf-8 6222 - 200 - application/json;+charset=utf-8 721.7020ms
info: Microsoft.AspNetCore.Hosting.Diagnostics[1]
      Request starting HTTP/1.1 GET https://localhost:44350/api/Integration/Claims?orginzationId=1&facilityId=3&adaptorCode=nphies-malath-1&dateFrom=10/1/2025%2012:00:00%20AM&dateTo=10/30/2025%2012:00:00%20AM&processId=20773&batchSize=1&payerId=12 - 0
info: Microsoft.AspNetCore.Routing.EndpointMiddleware[0]
      Executing endpoint 'Nphies.Core.Controllers.IntegrationController.GetClaims (Nphies.Core)'
info: Microsoft.AspNetCore.Mvc.Infrastructure.ControllerActionInvoker[3]
      Route matched with {action = "GetClaims", controller = "Integration"}. Executing controller action with signature System.Threading.Tasks.ValueTask`1[System.Collections.Generic.List`1[Nphies.Core.Models.ClaimDetail]] GetClaims(Int32, Int32, System.String, System.DateTime, System.DateTime, Int64, Int32, System.String, Boolean) on controller Nphies.Core.Controllers.IntegrationController (Nphies.Core).
info: Microsoft.EntityFrameworkCore.Infrastructure[10403]
      Entity Framework Core 6.0.9 initialized 'ZyklusCoreContext' using provider 'Microsoft.EntityFrameworkCore.SqlServer:6.0.9' with options: None
info: Microsoft.EntityFrameworkCore.Database.Command[20101]
      Executed DbCommand (45ms) [Parameters=[@__8__locals1_facilityId_0='?' (DbType = Int32)], CommandType='Text', CommandTimeout='30']
      SELECT TOP(1) [r].[ExternalCode2], [r].[ExternalCode]
      FROM [RCM_Facility] AS [r]
      WHERE [r].[FacilityID] = @__8__locals1_facilityId_0
warn: Microsoft.EntityFrameworkCore.Query[10102]
      The query uses a row limiting operator ('Skip'/'Take') without an 'OrderBy' operator. This may lead to unpredictable results. If the 'Distinct' operator is used after 'OrderBy', then make sure to use the 'OrderBy' operator after 'Distinct' as the ordering would otherwise get erased.
info: Microsoft.EntityFrameworkCore.Database.Command[20101]
      Executed DbCommand (118ms) [Parameters=[@__p_6='?' (DbType = Int32), @__orginaztionId_0='?' (DbType = Int32), @__facilityId_1='?' (DbType = Int32), @__payerId_2='?' (DbType = Int32), @__processId_3='?' (DbType = Int64), @__dateFrom_Date_4='?' (DbType = DateTime), @__dateTo_Date_5='?' (DbType = DateTime)], CommandType='Text', CommandTimeout='30']
      SELECT [t].[ClaimID], [t].[OrganizationID], [t].[ApproverID], [t].[BatchBundleId], [t].[BatchIdentifier], [t].[BatchRefNo], [t].[BedNo], [t].[ClaimBundleId], [t].[ClaimIdentifier], [t].[ClaimMode], [t].[ClaimSubmisionRefrenceNo], [t].[ClaimType], [t].[ClinicID], [t].[Comments], [t].[CommunicationIdentifier], [t].[CommunicationUrl], [t].[CompanyShare], [t].[CompanyTax], [t].[CreatedBy], [t].[CreatedOn], [t].[DenialParameterCode], [t].[DenialParameterType], [t].[DischargeDateTime], [t].[DischargeDisposition], [t].[DiscountAmount], [t].[Discovery], [t].[DoctorID], [t].[DocumentReferenceNo], [t].[EligibilityCode], [t].[EmergencyArrivalCode], [t].[EmergencyDepartmentDisposition], [t].[EncounterAdmitSource], [t].[EncounterDateTime], [t].[EncounterNo], [t].[EncounterType], [t].[EpisodeId], [t].[ExternalReferenceNo], [t].[FacilityID], [t].[GrossAmount], [t].[ISPDFAttached], [t].[IntendedLenghtOfStay], [t].[InvoiceDate], [t].[IsDocumentProcessed], [t].[isErrorResolved], [t].[IsInsuranceEligible], [t].[IsMedicalReviewed], [t].[IsPendedReceived], [t].[IsProcessedByBGJob], [t].[IsReadyForSubmit], [t].[IsRefund], [t].[IsReturn], [t].[IsReviewdByRuleEngine], [t].[IsTechnicalReviewed], [t].[IsUpdatedInvoice], [t].[ItemReason], [t].[MedicalError], [t].[MedicalRejectionRemarks], [t].[MedicalStatus], [t].[ModifiedBy], [t].[ModifiedOn], [t].[NetAmount], [t].[NphiesApprovalAuthRef], [t].[NphiesApprovalIdentifier], [t].[NphiesApprovalSystem], [t].[NphiesEligibility], [t].[NphiesEligibilitySystem], [t].[NphieseRemarks], [t].[OfflineApproval], [t].[OfflineEligibility], [t].[OriginalEncounter], [t].[PatientShare], [t].[PatientTax], [t].[PayerID], [t].[PayerPolicyId], [t].[PolicyNumber], [t].[PostingStatus], [t].[PreAuthNo], [t].[ProcessId], [t].[ReSubmissionStatus], [t].[ReasonCode], [t].[RefundAmount], [t].[RejectionCount], [t].[Remarks], [t].[RemittanceLogId], [t].[ResponseBundleID], [t].[ResponseReceivedOn], [t].[ReturnAmount], [t].[RoomNo], [t].[SequenceNo], [t].[SettlementAmount], [t].[Status], [t].[StatusOld], [t].[SubStatus], [t].[SubmissionType], [t].[SubmittedBy], [t].[SubmittedDateTime], [t].[SubmittedOn], [t].[TaskId], [t].[TechnicalError], [t].[TechnicalRejectionRemarks], [t].[TechnicalStatus], [t].[TotalApproved], [t].[TotalSubmitted], [t].[TriageCategory], [t].[TriageDate], [t].[isMoh], [t].[pollResponseReceivedOn], [r0].[ClaimID], [r0].[OrganizationID], [r0].[Address1], [r0].[Address2], [r0].[CauseOfDeath], [r0].[FamilyNameN], [r0].[MaritalStatus], [r0].[ModifiedBy], [r0].[ModifiedOn], [r0].[NationalityID], [r0].[PatientDOB], [r0].[PatientFileNumber], [r0].[PatientGender], [r0].[PatientIdentificationNo], [r0].[PatientMembershipNumber], [r0].[PatientMobileNo], [r0].[PatientName], [r0].[PatientNameN], [r0].[PatientNationality], [r0].[PatientOccuption], [r0].[PatientSurnameFamilyName], [r0].[PolicyHolderName], [r0].[PolicyHolderNo], [r0].[PostalCode], [r0].[TownCity], [r0].[VisitType], [r1].[ClaimID], [r1].[OrganizationID], [r1].[BloodPressure], [r1].[BodyMassIndex], [r1].[CreatedBy], [r1].[CreatedOn], [r1].[EmergencyIndicator], [r1].[Height], [r1].[HistoryOfPresentIllness], [r1].[InvestigationResult], [r1].[LeftEyeAxisDistance], [r1].[LeftEyeAxisNear], [r1].[LeftEyeBifocal], [r1].[LeftEyeCylinderDistance], [r1].[LeftEyeCylinderNear], [r1].[LeftEyePDDistance], [r1].[LeftEyePDNear], [r1].[LeftEyePrismDistance], [r1].[LeftEyePrismNear], [r1].[LeftEyeSphereDistance], [r1].[LeftEyeSphereNear], [r1].[LeftEyeVADistance], [r1].[LeftEyeVANear], [r1].[MainSymptoms], [r1].[ModifiedBy], [r1].[ModifiedOn], [r1].[OxygenSaturation], [r1].[PatientHistory], [r1].[PhysicalExamination], [r1].[PhysicianNotesConditions], [r1].[Pulse], [r1].[Respiration], [r1].[RespiratoryRate], [r1].[RightEyeAxisDistance], [r1].[RightEyeAxisNear], [r1].[RightEyeBifocal], [r1].[RightEyeCylinderDistance], [r1].[RightEyeCylinderNear], [r1].[RightEyePDDistance], [r1].[RightEyePDNear], [r1].[RightEyePrismDistance], [r1].[RightEyePrismNear], [r1].[RightEyeSphereDistance], [r1].[RightEyeSphereNear], [r1].[RightEyeVADistance], [r1].[RightEyeVANear], [r1].[SignificantSigns], [r1].[Temperature], [r1].[TreatmentPlan], [r1].[Vertex], [r1].[VitalSignCreatedON], [r1].[Weight], [r2].[ClaimID], [r2].[OrganizationID], [r2].[DiagnosisCode], [r2].[LineitemNo], [r2].[ConditionOnset], [r2].[CreatedBy], [r2].[CreatedOn], [r2].[DiagnoisInfoCode], [r2].[DiagnoisInfoType], [r2].[DiagnosisCodeType], [r2].[DiagnosisDescription], [r2].[DiagnosisType], [r2].[IllnessTypeIndicator], [r2].[IsActive], [r2].[ISDischarge], [r2].[ModifiedBy], [r2].[ModifiedOn], [r2].[MorphologyCode], [r2].[OrderBy]
      FROM (
          SELECT TOP(@__p_6) [r].[ClaimID], [r].[OrganizationID], [r].[ApproverID], [r].[BatchBundleId], [r].[BatchIdentifier], [r].[BatchRefNo], [r].[BedNo], [r].[ClaimBundleId], [r].[ClaimIdentifier], [r].[ClaimMode], [r].[ClaimSubmisionRefrenceNo], [r].[ClaimType], [r].[ClinicID], [r].[Comments], [r].[CommunicationIdentifier], [r].[CommunicationUrl], [r].[CompanyShare], [r].[CompanyTax], [r].[CreatedBy], [r].[CreatedOn], [r].[DenialParameterCode], [r].[DenialParameterType], [r].[DischargeDateTime], [r].[DischargeDisposition], [r].[DiscountAmount], [r].[Discovery], [r].[DoctorID], [r].[DocumentReferenceNo], [r].[EligibilityCode], [r].[EmergencyArrivalCode], [r].[EmergencyDepartmentDisposition], [r].[EncounterAdmitSource], [r].[EncounterDateTime], [r].[EncounterNo], [r].[EncounterType], [r].[EpisodeId], [r].[ExternalReferenceNo], [r].[FacilityID], [r].[GrossAmount], [r].[ISPDFAttached], [r].[IntendedLenghtOfStay], [r].[InvoiceDate], [r].[IsDocumentProcessed], [r].[isErrorResolved], [r].[IsInsuranceEligible], [r].[IsMedicalReviewed], [r].[IsPendedReceived], [r].[IsProcessedByBGJob], [r].[IsReadyForSubmit], [r].[IsRefund], [r].[IsReturn], [r].[IsReviewdByRuleEngine], [r].[IsTechnicalReviewed], [r].[IsUpdatedInvoice], [r].[ItemReason], [r].[MedicalError], [r].[MedicalRejectionRemarks], [r].[MedicalStatus], [r].[ModifiedBy], [r].[ModifiedOn], [r].[NetAmount], [r].[NphiesApprovalAuthRef], [r].[NphiesApprovalIdentifier], [r].[NphiesApprovalSystem], [r].[NphiesEligibility], [r].[NphiesEligibilitySystem], [r].[NphieseRemarks], [r].[OfflineApproval], [r].[OfflineEligibility], [r].[OriginalEncounter], [r].[PatientShare], [r].[PatientTax], [r].[PayerID], [r].[PayerPolicyId], [r].[PolicyNumber], [r].[PostingStatus], [r].[PreAuthNo], [r].[ProcessId], [r].[ReSubmissionStatus], [r].[ReasonCode], [r].[RefundAmount], [r].[RejectionCount], [r].[Remarks], [r].[RemittanceLogId], [r].[ResponseBundleID], [r].[ResponseReceivedOn], [r].[ReturnAmount], [r].[RoomNo], [r].[SequenceNo], [r].[SettlementAmount], [r].[Status], [r].[StatusOld], [r].[SubStatus], [r].[SubmissionType], [r].[SubmittedBy], [r].[SubmittedDateTime], [r].[SubmittedOn], [r].[TaskId], [r].[TechnicalError], [r].[TechnicalRejectionRemarks], [r].[TechnicalStatus], [r].[TotalApproved], [r].[TotalSubmitted], [r].[TriageCategory], [r].[TriageDate], [r].[isMoh], [r].[pollResponseReceivedOn]
          FROM [RCM_Claim] AS [r]
          WHERE (((((([r].[OrganizationID] = @__orginaztionId_0) AND ([r].[FacilityID] = @__facilityId_1)) AND ([r].[PayerID] = @__payerId_2)) AND ([r].[Status] = CAST(103 AS tinyint))) AND ([r].[ProcessId] = @__processId_3)) AND (CONVERT(date, [r].[InvoiceDate]) >= @__dateFrom_Date_4)) AND (CONVERT(date, [r].[InvoiceDate]) <= @__dateTo_Date_5)
      ) AS [t]
      LEFT JOIN [RCM_ClaimPatientDetail] AS [r0] ON ([t].[ClaimID] = [r0].[ClaimID]) AND ([t].[OrganizationID] = [r0].[OrganizationID])
      LEFT JOIN [RCM_ClaimVitalSigns] AS [r1] ON ([t].[ClaimID] = [r1].[ClaimID]) AND ([t].[OrganizationID] = [r1].[OrganizationID])
      LEFT JOIN [RCM_ClaimDiagnosis] AS [r2] ON ([t].[ClaimID] = [r2].[ClaimID]) AND ([t].[OrganizationID] = [r2].[OrganizationID])
      ORDER BY [t].[ClaimID] DESC, [t].[OrganizationID], [r0].[ClaimID], [r0].[OrganizationID], [r1].[ClaimID], [r1].[OrganizationID], [r2].[ClaimID], [r2].[OrganizationID], [r2].[DiagnosisCode]
info: Microsoft.EntityFrameworkCore.Database.Command[20101]
      Executed DbCommand (64ms) [Parameters=[@__item_ClaimId_0='?' (DbType = Int64)], CommandType='Text', CommandTimeout='30']
      SELECT [r].[ServiceID], [r].[ClaimID], [r].[OrganizationID], [r].[LineitemNo], [r].[ActivityEncounterType], [r].[ApprovalNo], [r].[ApprovalNoOld], [r].[ApprovedAmount], [r].[ApprovedQuantity], [r].[BenefitAmount], [r].[ClaimIdentifier], [r].[ClassId], [r].[CompanyTax], [r].[CompanyTaxPct], [r].[CreatedOn], [r].[DaysSupplies], [r].[DenialParameterCode], [r].[DenialParameterType], [r].[EditedBy], [r].[EditedOn], [r].[EncounterEndType], [r].[EncounterStartType], [r].[HasChild], [r].[InvoiceDate], [r].[IsDeleted], [r].[IsPackage], [r].[IsPartOfPackageInvoice], [r].[IsPerformed], [r].[IsRefund], [r].[IsReturn], [r].[ItemReason], [r].[MOHServiceCode], [r].[MOHServiceCodeDescription], [r].[NphiesCodeType], [r].[NphiesSeqNo], [r].[NphiesStatus], [r].[NphieseRemarks], [r].[ObservationRemarks], [r].[ParentInvoiceNo], [r].[ParentServiceCode], [r].[ParentServiceId], [r].[PatientTax], [r].[PatientTaxPct], [r].[ProcessId], [r].[ReSubmissionStatus], [r].[ReasonCode], [r].[RefundAmount], [r].[RejectionDate], [r].[RejectionReasonId], [r].[RejectionReasonIdByReviewer], [r].[Remarks], [r].[RemittanceStatus], [r].[ResponseReceivedOn], [r].[ReturnAmount], [r].[ROW_ID], [r].[ServiceCode], [r].[ServiceCompanyShare], [r].[ServiceDiscountAmount], [r].[ServiceDiscountPct], [r].[ServiceEndDateTime], [r].[ServiceGrossAmount], [r].[ServiceNetAmount], [r].[ServicePatientShare], [r].[ServicePatientSharePct], [r].[ServiceQuantity], [r].[ServiceReferenceIdentity], [r].[ServiceReferenceNumber], [r].[ServiceStartDateTime], [r].[ServiceType], [r].[ServiceTypeIndicator], [r].[SettlementAmount], [r].[StandardCode], [r].[StandardCode2], [r].[Status], [r].[SubmittedAmount], [r].[SubmittedQuantity], [r].[TaxApproved], [r].[ToothNo], [r0].[ServiceType], [r0].[ServiceID], [r0].[CreatedBy], [r0].[CreatedOn], [r0].[ExternalCode], [r0].[FacilityGroupID], [r0].[Gender], [r0].[IsActive], [r0].[IsAutoAccepted], [r0].[IsDiscountAllowed], [r0].[IsPackage], [r0].[ModifiedBy], [r0].[ModifiedOn], [r0].[NphiesCodeSystem], [r0].[OrganizationID], [r0].[ServiceCatalogCode], [r0].[ServiceCatalogName], [r0].[ServiceCatalogNameN], [r0].[ServiceCategoryID], [r0].[ServiceGroupID], [r0].[ServiceSubGroupID], [r0].[TaxRate], [r0].[TaxType], CASE
          WHEN ([r].[MOHServiceCode] IS NOT NULL) AND ([r].[MOHServiceCode] <> N'') THEN CAST(1 AS bit)
          ELSE CAST(0 AS bit)
      END
      FROM [RCM_ClaimServicesDetail] AS [r]
      INNER JOIN [RCM_ServiceCatalog] AS [r0] ON [r].[ServiceID] = [r0].[ServiceID]
      WHERE ((((([r].[ClaimID] = @__item_ClaimId_0) AND (([r].[IsDeleted] <> CAST(1 AS bit)) OR ([r].[IsDeleted] IS NULL))) AND (([r].[IsRefund] <> CAST(1 AS bit)) OR ([r].[IsRefund] IS NULL))) AND (([r].[IsReturn] <> CAST(1 AS bit)) OR ([r].[IsReturn] IS NULL))) AND (([r].[ServiceCode] <> '05005009') OR ([r].[ServiceCode] IS NULL))) AND (([r].[ServiceCompanyShare] > 0.0) OR ([r].[ServiceCode] = '01002007'))
[14:26:29 INF] Retrived Claim Id # 70132
info: Microsoft.EntityFrameworkCore.Database.Command[20101]
      Executed DbCommand (51ms) [Parameters=[@__serviceId_0='?' (DbType = Int64)], CommandType='Text', CommandTimeout='30']
      SELECT TOP(1) [r].[ServiceCatalogName]
      FROM [RCM_ServiceCatalog] AS [r]
      WHERE [r].[ServiceID] = @__serviceId_0
info: Microsoft.EntityFrameworkCore.Database.Command[20101]
      Executed DbCommand (43ms) [Parameters=[@__claimId_0='?' (DbType = Int64)], CommandType='Text', CommandTimeout='30']
      SELECT COUNT(*)
      FROM [RCM_ClaimNphiesPostTrail] AS [r]
      WHERE [r].[ClaimId] = @__claimId_0
info: Microsoft.EntityFrameworkCore.Database.Command[20101]
      Executed DbCommand (56ms) [Parameters=[@__8__locals1_organizationId_0='?' (DbType = Int32)], CommandType='Text', CommandTimeout='30']
      SELECT TOP(1) [r].[PayerID], [r].[OrganizationID], [r].[Address], [r].[CardFormat], [r].[CityId], [r].[ClaimType], [r].[CompanyURL], [r].[ContactMobile], [r].[ContactPerson], [r].[ContactPersonEmail], [r].[CountryId], [r].[CreatedBy], [r].[CreatedOn], [r].[EmailAddress], [r].[ExternalCode], [r].[Fax], [r].[IsActive], [r].[IsManagedByTPA], [r].[IsNphiesEnable], [r].[IsReferral], [r].[IsTPA], [r].[ModifiedBy], [r].[ModifiedOn], [r].[NphiesLicenseNo], [r].[PayerName], [r].[PayerNameN], [r].[PayerType], [r].[PhoneOffice1], [r].[PhoneOffice2], [r].[POBox], [r].[Shadowbillingenable], [r].[StateID], [r].[TaxRegistrationNo], [r].[Taxable], [r].[ZipCode]
      FROM [RCM_Payer] AS [r]
      WHERE ([r].[OrganizationID] = @__8__locals1_organizationId_0) AND ([r].[PayerID] = 12)
info: Microsoft.EntityFrameworkCore.Database.Command[20101]
      Executed DbCommand (49ms) [Parameters=[@__icdCode_0='?' (Size = 150) (DbType = AnsiString)], CommandType='Text', CommandTimeout='30']
      SELECT TOP(1) [r].[DiagnosisCode], [r].[DiagnosisDescription], [r].[DiagnosisId], [r].[IsMorphology], [r].[IsRTADiagnosis]
      FROM [RCM_Diagnosis] AS [r]
      WHERE LTRIM(RTRIM([r].[DiagnosisCode])) = @__icdCode_0
info: Microsoft.EntityFrameworkCore.Database.Command[20101]
      Executed DbCommand (43ms) [Parameters=[@__claim_PayerId_0='?' (DbType = Int32)], CommandType='Text', CommandTimeout='30']
      SELECT TOP(1) [r].[PayerID], [r].[OrganizationID], [r].[Address], [r].[CardFormat], [r].[CityId], [r].[ClaimType], [r].[CompanyURL], [r].[ContactMobile], [r].[ContactPerson], [r].[ContactPersonEmail], [r].[CountryId], [r].[CreatedBy], [r].[CreatedOn], [r].[EmailAddress], [r].[ExternalCode], [r].[Fax], [r].[IsActive], [r].[IsManagedByTPA], [r].[IsNphiesEnable], [r].[IsReferral], [r].[IsTPA], [r].[ModifiedBy], [r].[ModifiedOn], [r].[NphiesLicenseNo], [r].[PayerName], [r].[PayerNameN], [r].[PayerType], [r].[PhoneOffice1], [r].[PhoneOffice2], [r].[POBox], [r].[Shadowbillingenable], [r].[StateID], [r].[TaxRegistrationNo], [r].[Taxable], [r].[ZipCode]
      FROM [RCM_Payer] AS [r]
      WHERE [r].[PayerID] = @__claim_PayerId_0
info: Microsoft.EntityFrameworkCore.Database.Command[20101]
      Executed DbCommand (46ms) [Parameters=[@__claim_PayerId_0='?' (DbType = Int32)], CommandType='Text', CommandTimeout='30']
      SELECT TOP(1) [r].[PayerID], [r].[OrganizationID], [r].[Address], [r].[CardFormat], [r].[CityId], [r].[ClaimType], [r].[CompanyURL], [r].[ContactMobile], [r].[ContactPerson], [r].[ContactPersonEmail], [r].[CountryId], [r].[CreatedBy], [r].[CreatedOn], [r].[EmailAddress], [r].[ExternalCode], [r].[Fax], [r].[IsActive], [r].[IsManagedByTPA], [r].[IsNphiesEnable], [r].[IsReferral], [r].[IsTPA], [r].[ModifiedBy], [r].[ModifiedOn], [r].[NphiesLicenseNo], [r].[PayerName], [r].[PayerNameN], [r].[PayerType], [r].[PhoneOffice1], [r].[PhoneOffice2], [r].[POBox], [r].[Shadowbillingenable], [r].[StateID], [r].[TaxRegistrationNo], [r].[Taxable], [r].[ZipCode]
      FROM [RCM_Payer] AS [r]
      WHERE [r].[PayerID] = @__claim_PayerId_0
info: Microsoft.EntityFrameworkCore.Database.Command[20101]
      Executed DbCommand (46ms) [Parameters=[@__8__locals1_adaptorCode_0='?' (Size = 100) (DbType = AnsiString), @__8__locals1_payerEntity_OrganizationId_1='?' (DbType = Int32)], CommandType='Text', CommandTimeout='30']
      SELECT TOP(1) [r].[AdapterID], [r].[AdapterName], [r].[AdapterTypeId], [r].[AdaptorCode], [r].[CreatedBy], [r].[CreatedOn], [r].[FileType], [r].[IsActive], [r].[OrganizationID]
      FROM [RCM_Adapter] AS [r]
      WHERE ([r].[AdaptorCode] = @__8__locals1_adaptorCode_0) AND ([r].[OrganizationID] = @__8__locals1_payerEntity_OrganizationId_1)
info: Microsoft.EntityFrameworkCore.Database.Command[20101]
      Executed DbCommand (43ms) [Parameters=[@__ToString_0='?' (Size = 50) (DbType = AnsiString), @__adapter_AdapterId_1='?' (DbType = Int32)], CommandType='Text', CommandTimeout='30']
      SELECT TOP(1) [r].[AdapterMappingID], [r].[AdapterID], [r].[CreatedBy], [r].[CreatedOn], [r].[IsActive], [r].[ModifiedBy], [r].[ModifiedOn], [r].[ParameterMasterID], [r].[ParameterType], [r].[ParameterValue]
      FROM [RCM_AdapterMapping] AS [r]
      WHERE (([r].[ParameterType] = @__ToString_0) AND ([r].[ParameterMasterID] = 2)) AND ([r].[AdapterID] = @__adapter_AdapterId_1)
info: Microsoft.EntityFrameworkCore.Database.Command[20101]
      Executed DbCommand (50ms) [Parameters=[@__claim_PayerId_0='?' (DbType = Int32), @__claim_PayerPolicyId_1='?' (DbType = Int32)], CommandType='Text', CommandTimeout='30']
      SELECT TOP(1) [r].[PayerPolicyID], [r].[OrganizationID], [r].[PayerID], [r].[CreatedBy], [r].[CreatedOn], [r].[ExternalCode], [r].[InsuranceNhic], [r].[IsActive], [r].[IsNphiesEnable], [r].[ModifiedBy], [r].[ModifiedOn], [r].[PayerPolicyExpiryDate], [r].[PayerPolicyName], [r].[PayerPolicyNameN], [r].[PayerPolicyNo], [r].[Remarks]
      FROM [RCM_PayerPolicy] AS [r]
      WHERE (([r].[PayerID] = @__claim_PayerId_0) AND ([r].[PayerPolicyID] = @__claim_PayerPolicyId_1)) AND ([r].[IsActive] = CAST(1 AS bit))
info: Microsoft.EntityFrameworkCore.Database.Command[20101]
      Executed DbCommand (43ms) [Parameters=[@__8__locals1_adaptorCode_0='?' (Size = 100) (DbType = AnsiString), @__8__locals1_facilityEntity_OrganizationId_1='?' (DbType = Int32)], CommandType='Text', CommandTimeout='30']
      SELECT TOP(1) [r].[AdapterID], [r].[AdapterName], [r].[AdapterTypeId], [r].[AdaptorCode], [r].[CreatedBy], [r].[CreatedOn], [r].[FileType], [r].[IsActive], [r].[OrganizationID]
      FROM [RCM_Adapter] AS [r]
      WHERE ([r].[AdaptorCode] = @__8__locals1_adaptorCode_0) AND ([r].[OrganizationID] = @__8__locals1_facilityEntity_OrganizationId_1)
info: Microsoft.EntityFrameworkCore.Database.Command[20101]
      Executed DbCommand (47ms) [Parameters=[@__ToString_0='?' (Size = 50) (DbType = AnsiString), @__adapter_AdapterId_1='?' (DbType = Int32)], CommandType='Text', CommandTimeout='30']
      SELECT TOP(1) [r].[AdapterMappingID], [r].[AdapterID], [r].[CreatedBy], [r].[CreatedOn], [r].[IsActive], [r].[ModifiedBy], [r].[ModifiedOn], [r].[ParameterMasterID], [r].[ParameterType], [r].[ParameterValue]
      FROM [RCM_AdapterMapping] AS [r]
      WHERE (([r].[ParameterType] = @__ToString_0) AND ([r].[ParameterMasterID] = 1)) AND ([r].[AdapterID] = @__adapter_AdapterId_1)
info: Microsoft.EntityFrameworkCore.Database.Command[20101]
      Executed DbCommand (45ms) [Parameters=[@__organizationId_0='?' (DbType = Int32), @__claimId_1='?' (DbType = Int64)], CommandType='Text', CommandTimeout='30']
      SELECT TOP(1) [r].[DischargeDisposition]
      FROM [RCM_DischargeSummary] AS [r]
      WHERE ([r].[OrganizationID] = @__organizationId_0) AND ([r].[ClaimID] = @__claimId_1)
info: Microsoft.EntityFrameworkCore.Database.Command[20101]
      Executed DbCommand (57ms) [Parameters=[@__organizationId_0='?' (DbType = Int32), @__facilityId_1='?' (DbType = Int32), @__doctorId_2='?' (DbType = Int32)], CommandType='Text', CommandTimeout='30']
      SELECT [r].[DoctorID], [r].[OrganizationID], [r].[FacilityGroupID], [r].[FacilityID], [r].[Address], [r].[CityID], [r].[CountryID], [r].[CreatedBy], [r].[CreatedOn], [r].[DateofBirth], [r].[DateofJoining], [r].[DoctorName], [r].[DoctorNameN], [r].[EmailExternal], [r].[EmailInternal], [r].[EmploymentType], [r].[ExternalCode], [r].[FaxNo], [r].[Gender], [r].[IsActive], [r].[MaritalStatus], [r].[MobileNumber], [r].[ModifiedBy], [r].[ModifiedOn], [r].[NationalityID], [r].[PhoneResidence], [r].[Remarks], [r].[StateID], [r].[ZipCode], [r0].[LicenseID], [r0].[DoctorID], [r0].[OrganizationID], [r0].[FacilityGroupID], [r0].[FacilityID], [r0].[CreatedBy], [r0].[CreatedOn], [r0].[DoctorLogin], [r0].[DoctorPwd], [r0].[IsActive], [r0].[LicenseExpiryDate], [r0].[LicenseNumber], [r0].[LicenseType], [r0].[ModifiedBy], [r0].[ModifiedOn]
      FROM [RCM_Doctor] AS [r]
      LEFT JOIN [RCM_DoctorLicenses] AS [r0] ON ((([r].[DoctorID] = [r0].[DoctorID]) AND ([r].[OrganizationID] = [r0].[OrganizationID])) AND ([r].[FacilityGroupID] = [r0].[FacilityGroupID])) AND ([r].[FacilityID] = [r0].[FacilityID])
      WHERE (([r].[OrganizationID] = @__organizationId_0) AND ([r].[FacilityID] = @__facilityId_1)) AND ([r].[DoctorID] = @__doctorId_2)
      ORDER BY [r].[DoctorID], [r].[OrganizationID], [r].[FacilityGroupID], [r].[FacilityID], [r0].[LicenseID], [r0].[DoctorID], [r0].[OrganizationID], [r0].[FacilityGroupID]
info: Microsoft.EntityFrameworkCore.Database.Command[20101]
      Executed DbCommand (348ms) [Parameters=[@__claim_PayerId_0='?' (DbType = Int32)], CommandType='Text', CommandTimeout='30']
      SELECT TOP(1) [r].[PayerID], [r].[OrganizationID], [r].[Address], [r].[CardFormat], [r].[CityId], [r].[ClaimType], [r].[CompanyURL], [r].[ContactMobile], [r].[ContactPerson], [r].[ContactPersonEmail], [r].[CountryId], [r].[CreatedBy], [r].[CreatedOn], [r].[EmailAddress], [r].[ExternalCode], [r].[Fax], [r].[IsActive], [r].[IsManagedByTPA], [r].[IsNphiesEnable], [r].[IsReferral], [r].[IsTPA], [r].[ModifiedBy], [r].[ModifiedOn], [r].[NphiesLicenseNo], [r].[PayerName], [r].[PayerNameN], [r].[PayerType], [r].[PhoneOffice1], [r].[PhoneOffice2], [r].[POBox], [r].[Shadowbillingenable], [r].[StateID], [r].[TaxRegistrationNo], [r].[Taxable], [r].[ZipCode]
      FROM [RCM_Payer] AS [r]
      WHERE [r].[PayerID] = @__claim_PayerId_0
info: Microsoft.EntityFrameworkCore.Database.Command[20101]
      Executed DbCommand (52ms) [Parameters=[@__organizationId_0='?' (DbType = Int32), @__claimId_1='?' (DbType = Int64)], CommandType='Text', CommandTimeout='30']
      SELECT TOP(1) [r].[DischargeDisposition], [r].[ClinicID] AS [ClinicId], [r].[DoctorID] AS [DoctorId]
      FROM [RCM_DischargeSummary] AS [r]
      WHERE ([r].[OrganizationID] = @__organizationId_0) AND ([r].[ClaimID] = @__claimId_1)
info: Microsoft.EntityFrameworkCore.Database.Command[20101]
      Executed DbCommand (50ms) [Parameters=[@__claimId_0='?' (DbType = Int64)], CommandType='Text', CommandTimeout='30']
      SELECT CONVERT(bigint, [r].[DocumentId])
      FROM [RCM_Attachment] AS [r]
      WHERE (((([r].[TransactionID] = @__claimId_0) AND ([r].[IsActive] IS NOT NULL)) AND ([r].[IsActive] = CAST(1 AS bit))) AND ([r].[IncludeSubmission] IS NOT NULL)) AND ([r].[IncludeSubmission] = CAST(1 AS bit))
info: Microsoft.AspNetCore.Mvc.Infrastructure.ObjectResultExecutor[1]
      Executing ObjectResult, writing value of type 'System.Collections.Generic.List`1[[Nphies.Core.Models.ClaimDetail, Nphies.Core, Version=1.0.0.0, Culture=neutral, PublicKeyToken=null]]'.
info: Microsoft.AspNetCore.Mvc.Infrastructure.ControllerActionInvoker[2]
      Executed action Nphies.Core.Controllers.IntegrationController.GetClaims (Nphies.Core) in 7766.958ms
info: Microsoft.AspNetCore.Routing.EndpointMiddleware[1]
      Executed endpoint 'Nphies.Core.Controllers.IntegrationController.GetClaims (Nphies.Core)'
info: Microsoft.AspNetCore.Hosting.Diagnostics[2]
      Request finished HTTP/1.1 GET https://localhost:44350/api/Integration/Claims?orginzationId=1&facilityId=3&adaptorCode=nphies-malath-1&dateFrom=10/1/2025%2012:00:00%20AM&dateTo=10/30/2025%2012:00:00%20AM&processId=20773&batchSize=1&payerId=12 - 0 - 200 - application/json;+charset=utf-8 7813.2383ms
info: Microsoft.AspNetCore.Hosting.Diagnostics[1]
      Request starting HTTP/1.1 POST https://localhost:44350/api/Integration/UpdateResponse application/json;+charset=utf-8 6222
info: Microsoft.AspNetCore.Routing.EndpointMiddleware[0]
      Executing endpoint 'Nphies.Core.Controllers.IntegrationController.UpdateClaimStatus (Nphies.Core)'
info: Microsoft.AspNetCore.Mvc.Infrastructure.ControllerActionInvoker[3]
      Route matched with {action = "UpdateClaimStatus", controller = "Integration"}. Executing controller action with signature System.Threading.Tasks.ValueTask`1[System.Boolean] UpdateClaimStatus(Nphies.Core.Models.ClaimResponseRequest) on controller Nphies.Core.Controllers.IntegrationController (Nphies.Core).
info: Microsoft.EntityFrameworkCore.Infrastructure[10403]
      Entity Framework Core 6.0.9 initialized 'ZyklusCoreContext' using provider 'Microsoft.EntityFrameworkCore.SqlServer:6.0.9' with options: None
info: Microsoft.EntityFrameworkCore.Database.Command[20101]
      Executed DbCommand (48ms) [Parameters=[@__claimId_0='?' (DbType = Int64)], CommandType='Text', CommandTimeout='30']
      SELECT TOP(1) [r].[ClaimID], [r].[OrganizationID], [r].[ApproverID], [r].[BatchBundleId], [r].[BatchIdentifier], [r].[BatchRefNo], [r].[BedNo], [r].[ClaimBundleId], [r].[ClaimIdentifier], [r].[ClaimMode], [r].[ClaimSubmisionRefrenceNo], [r].[ClaimType], [r].[ClinicID], [r].[Comments], [r].[CommunicationIdentifier], [r].[CommunicationUrl], [r].[CompanyShare], [r].[CompanyTax], [r].[CreatedBy], [r].[CreatedOn], [r].[DenialParameterCode], [r].[DenialParameterType], [r].[DischargeDateTime], [r].[DischargeDisposition], [r].[DiscountAmount], [r].[Discovery], [r].[DoctorID], [r].[DocumentReferenceNo], [r].[EligibilityCode], [r].[EmergencyArrivalCode], [r].[EmergencyDepartmentDisposition], [r].[EncounterAdmitSource], [r].[EncounterDateTime], [r].[EncounterNo], [r].[EncounterType], [r].[EpisodeId], [r].[ExternalReferenceNo], [r].[FacilityID], [r].[GrossAmount], [r].[ISPDFAttached], [r].[IntendedLenghtOfStay], [r].[InvoiceDate], [r].[IsDocumentProcessed], [r].[isErrorResolved], [r].[IsInsuranceEligible], [r].[IsMedicalReviewed], [r].[IsPendedReceived], [r].[IsProcessedByBGJob], [r].[IsReadyForSubmit], [r].[IsRefund], [r].[IsReturn], [r].[IsReviewdByRuleEngine], [r].[IsTechnicalReviewed], [r].[IsUpdatedInvoice], [r].[ItemReason], [r].[MedicalError], [r].[MedicalRejectionRemarks], [r].[MedicalStatus], [r].[ModifiedBy], [r].[ModifiedOn], [r].[NetAmount], [r].[NphiesApprovalAuthRef], [r].[NphiesApprovalIdentifier], [r].[NphiesApprovalSystem], [r].[NphiesEligibility], [r].[NphiesEligibilitySystem], [r].[NphieseRemarks], [r].[OfflineApproval], [r].[OfflineEligibility], [r].[OriginalEncounter], [r].[PatientShare], [r].[PatientTax], [r].[PayerID], [r].[PayerPolicyId], [r].[PolicyNumber], [r].[PostingStatus], [r].[PreAuthNo], [r].[ProcessId], [r].[ReSubmissionStatus], [r].[ReasonCode], [r].[RefundAmount], [r].[RejectionCount], [r].[Remarks], [r].[RemittanceLogId], [r].[ResponseBundleID], [r].[ResponseReceivedOn], [r].[ReturnAmount], [r].[RoomNo], [r].[SequenceNo], [r].[SettlementAmount], [r].[Status], [r].[StatusOld], [r].[SubStatus], [r].[SubmissionType], [r].[SubmittedBy], [r].[SubmittedDateTime], [r].[SubmittedOn], [r].[TaskId], [r].[TechnicalError], [r].[TechnicalRejectionRemarks], [r].[TechnicalStatus], [r].[TotalApproved], [r].[TotalSubmitted], [r].[TriageCategory], [r].[TriageDate], [r].[isMoh], [r].[pollResponseReceivedOn]
      FROM [RCM_Claim] AS [r]
      WHERE [r].[ClaimID] = @__claimId_0
info: Microsoft.EntityFrameworkCore.Database.Command[20101]
      Executed DbCommand (51ms) [Parameters=[], CommandType='Text', CommandTimeout='30']
      SELECT [r].[ClaimID], [r].[OrganizationID], [r].[ServiceID], [r].[LineitemNo], [r].[ActivityEncounterType], [r].[ApprovalNo], [r].[ApprovalNoOld], [r].[ApprovedAmount], [r].[ApprovedQuantity], [r].[BenefitAmount], [r].[ClaimIdentifier], [r].[ClassId], [r].[CompanyTax], [r].[CompanyTaxPct], [r].[CreatedOn], [r].[DaysSupplies], [r].[DenialParameterCode], [r].[DenialParameterType], [r].[EditedBy], [r].[EditedOn], [r].[EncounterEndType], [r].[EncounterStartType], [r].[HasChild], [r].[InvoiceDate], [r].[IsDeleted], [r].[IsPackage], [r].[IsPartOfPackageInvoice], [r].[IsPerformed], [r].[IsRefund], [r].[IsReturn], [r].[ItemReason], [r].[MOHServiceCode], [r].[MOHServiceCodeDescription], [r].[NphiesCodeType], [r].[NphiesSeqNo], [r].[NphiesStatus], [r].[NphieseRemarks], [r].[ObservationRemarks], [r].[ParentInvoiceNo], [r].[ParentServiceCode], [r].[ParentServiceId], [r].[PatientTax], [r].[PatientTaxPct], [r].[ProcessId], [r].[ReSubmissionStatus], [r].[ReasonCode], [r].[RefundAmount], [r].[RejectionDate], [r].[RejectionReasonId], [r].[RejectionReasonIdByReviewer], [r].[Remarks], [r].[RemittanceStatus], [r].[ResponseReceivedOn], [r].[ReturnAmount], [r].[ROW_ID], [r].[ServiceCode], [r].[ServiceCompanyShare], [r].[ServiceDiscountAmount], [r].[ServiceDiscountPct], [r].[ServiceEndDateTime], [r].[ServiceGrossAmount], [r].[ServiceNetAmount], [r].[ServicePatientShare], [r].[ServicePatientSharePct], [r].[ServiceQuantity], [r].[ServiceReferenceIdentity], [r].[ServiceReferenceNumber], [r].[ServiceStartDateTime], [r].[ServiceType], [r].[ServiceTypeIndicator], [r].[SettlementAmount], [r].[StandardCode], [r].[StandardCode2], [r].[Status], [r].[SubmittedAmount], [r].[SubmittedQuantity], [r].[TaxApproved], [r].[ToothNo]
      FROM [RCM_ClaimServicesDetail] AS [r]
      WHERE ((([r].[ROW_ID] = 120688) AND (([r].[IsDeleted] = CAST(0 AS bit)) OR ([r].[IsDeleted] IS NULL))) AND (([r].[IsRefund] = CAST(0 AS bit)) OR ([r].[IsRefund] IS NULL))) AND (([r].[IsReturn] = CAST(0 AS bit)) OR ([r].[IsReturn] IS NULL))
info: Microsoft.EntityFrameworkCore.Database.Command[20101]
      Executed DbCommand (44ms) [Parameters=[@p4='?' (DbType = Int64), @p5='?' (DbType = Int32), @p0='?' (Size = 100) (DbType = AnsiString), @p1='?' (Size = 200) (DbType = AnsiString), @p2='?' (Size = 100) (DbType = AnsiString), @p3='?' (Size = 100) (DbType = AnsiString)], CommandType='Text', CommandTimeout='30']
      SET NOCOUNT ON;
      UPDATE [RCM_Claim] SET [BatchBundleId] = @p0, [BatchIdentifier] = @p1, [ClaimBundleId] = @p2, [ClaimIdentifier] = @p3
      WHERE [ClaimID] = @p4 AND [OrganizationID] = @p5;
      SELECT @@ROWCOUNT;
info: Microsoft.EntityFrameworkCore.Database.Command[20101]
      Executed DbCommand (44ms) [Parameters=[@p1='?' (DbType = Int64), @p2='?' (DbType = Int16), @p3='?' (DbType = Int32), @p4='?' (DbType = Int64), @p0='?' (Size = 100) (DbType = AnsiString)], CommandType='Text', CommandTimeout='30']
      SET NOCOUNT 